Platform;Country
200395;99
59564;DK
8152;GB
10441;GB
8141;RU
8153;99
8140;RU
8149;RU
4043;FR
8145;FR
8147;FR
8154;99
8146;US
8143;GB
8151;GB
8148;GB
2561;US
8142;GB
1659;US
1659;CA
8155;RU
3739;US
8144;AT
6233;SE
6232;SE
7123;RU
7123;SU
6584;RU
6584;SU
7077;RU
8095;RU
8939;NO
8940;NO
8935;NO
1265;DK
6289;RU
6289;SU
8096;RU
8951;NO
1115;KR
8955;NO
8956;NO
8914;NO
8954;NO
8959;NO
8960;NO
8943;NO
8938;NO
8098;RU
8929;NO
5308;NO
8922;NO
8964;NO
8946;NO
8927;NO
8928;NO
8926;NO
8957;NO
8915;NO
8950;NO
10461;AT
8907;NO
8747;GB
8931;NO
5299;NO
10462;SE
2052;US
8952;NO
8941;NO
8936;NO
8910;NO
296;DE
8937;NO
8947;NO
10463;NO
8961;NO
8097;RU
7070;RU
7070;SU
8944;NO
2105;US
10460;NO
8920;NO
6268;SE
9195;SE
9192;SE
9194;SE
735;AT
10339;RU
2161;US
8966;NO
8598;NL
6247;SE
9190;SE
8934;NO
1356;US
9191;SE
6257;SE
6251;SE
8967;NO
1377;US
536;AU
7651;GB
2394;US
5745;NO
5745;GB
8932;NO
8913;NO
8908;NO
8919;NO
10340;RU
5766;GB
6467;RU
3743;US
5832;GB
8904;NO
1187;DK
8923;NO
8962;NO
8930;NO
10449;RU
736;AT
10506;RU
7299;RU
9349;RU
4021;FI
5894;GB
1229;DK
6916;MC
6916;YU
10173;GB
8764;GB
1225;NO
1225;DK
3148;US
7656;NO
6234;SE
5334;NO
5834;GB
7045;RU
7045;SU
8906;NO
737;AT
6456;RU
6456;SU
8918;NO
5906;GB
7063;RU
10503;RU
8781;GB
8786;GB
8772;GB
8778;GB
8783;GB
1240;DK
8777;GB
8780;GB
8789;GB
8763;GB
8767;GB
8773;GB
8788;US
8771;GB
8784;GB
8768;GB
8762;GB
8775;GB
8770;GB
8942;NO
7410;DK
8787;DE
8774;GB
2447;US
8782;GB
5910;GB
8769;GB
8776;GB
5409;NO
8779;GB
8765;GB
8766;GB
8785;GB
10387;RU
6555;RU
6555;SU
10386;RU
8679;BE
8905;NO
7066;NO
7068;RU
7068;SU
7644;SE
6389;RU
6389;SU
10176;DE
277;DE
7073;RU
8917;NO
6304;RU
7065;RU
7065;SU
9573;NO
10508;RU
9842;RU
4033;FI
5345;NO
4019;FI
3966;FI
1188;DK
5372;NO
4022;FI
10014;RU
4035;FI
4027;FI
4034;FI
3967;FI
10041;DE
5808;GB
8909;NO
5340;NO
7652;GB
3980;FI
8953;NO
3982;FI
5740;GB
1244;DK
1206;DK
1218;DK
473;AR
9286;RU
9286;SU
4039;FI
6250;SE
6252;SE
5540;NL
6256;SE
5918;GB
5829;GB
3998;FI
9269;GB
6241;SE
8963;NO
1277;DK
5811;GB
6230;SE
4001;FI
6112;GB
749;BE
5957;GB
9193;SE
7986;DE
8933;NO
1279;DK
4427;IE
2049;US
5519;NL
6253;SE
744;BE
7640;GB
752;BE
8965;NO
8945;NO
1200;DK
8948;NO
4522;IT
10505;RU
8597;FR
1278;DK
8924;NO
10504;RU
8958;NO
7275;RU
7275;SU
10507;RU
4245;FR
8911;NO
8912;NO
6245;SE
7020;RU
7507;IT
7506;IT
7506;ES
5335;NO
4508;IT
6848;NO
8949;NO
1374;US
7645;RU
5848;GB
4020;FI
4007;FI
3963;FI
4018;FI
4032;FI
3985;FI
3979;FI
3999;FI
4010;FI
5925;GB
431;YU
431;AT
431;DE
4031;FI
249;DE
333;DE
4008;FI
4038;FI
4017;FI
3984;FI
4003;FI
300;DE
5954;GB
5954;CA
4006;FI
1333;IT
1333;ES
5824;GB
5410;NO
1196;DK
875;CA
1538;US
5823;GB
1280;DK
7658;DE
5300;NO
1248;DK
6565;RU
6565;SU
3977;FI
1387;US
4014;FI
8041;GB
4012;FI
2002;US
7270;US
230;DE
974;CA
787;CA
10512;JP
3466;US
2319;US
4252;FR
1222;DK
969;CA
5367;NO
7288;RU
7288;SU
1359;US
10317;RU
10317;SU
7271;US
3976;FI
3988;FI
4024;FI
4002;FI
6671;ZA
5876;GB
3986;FI
4016;FI
4023;FI
4037;FI
3997;FI
7075;RU
4013;FI
3989;FI
3987;FI
3995;FI
6826;FR
4000;FI
3978;FI
4029;FI
3983;FI
4028;FI
7511;ES
7511;FR
4005;FI
8740;US
5838;GB
1512;US
5916;GB
5916;US
2453;US
3974;FI
3996;FI
6984;RU
5970;GB
3990;FI
4140;FR
4282;FR
4122;FR
5804;GB
7076;RU
7076;SU
6449;RU
6449;SU
4240;FR
1201;DK
6758;GB
4269;FR
4274;FR
1796;US
1316;ES
4164;FR
3975;FI
6237;SE
5783;GB
5388;NO
9371;SU
4518;IT
1477;US
1898;US
1749;US
4490;IT
10321;SU
6540;SU
5620;PT
5359;NO
4865;JP
1314;ES
6672;ZA
4277;FR
10172;NO
6497;SU
5315;NO
9335;SU
5328;NO
7510;FR
7510;ES
10351;SU
799;CA
6751;SU
1587;US
10169;GB
3993;FI
5616;PT
1539;US
4439;IE
6407;SU
7053;SU
7053;RU
424;DE
6505;SU
7512;MC
10319;SU
1285;DK
6416;SU
202;DE
6418;SU
5402;NO
6511;SU
7648;SU
7780;SU
7030;SU
10332;SU
342;DE
6542;SU
5926;GB
5934;GB
4275;FR
330;DE
330;SU
1341;ES
5988;GB
5988;US
7071;SU
8040;JP
9758;SU
4271;FR
10311;SU
7074;SU
7064;SU
7072;SU
7649;SU
10315;SU
7069;SU
9810;SU
6744;SU
6744;US
6744;CA
6744;ZZ
6744;RU
9353;SU
7276;SU
5371;NO
4052;FR
4142;FR
1334;ES
4157;FR
1362;US
10264;SU
1198;DK
6954;SU
844;CA
844;US
6537;SU
390;DE
6299;SU
6299;UA
4025;FI
4288;FR
10322;SU
851;CA
5043;JP
1322;ES
10320;SU
6231;SE
6518;SU
191;DE
5647;GB
5376;NO
407;DE
5629;PT
5781;GB
1791;US
10103;SU
4227;FR
5115;JP
4099;FR
1436;US
4059;FR
1217;DK
10151;NO
1231;DK
2655;US
6431;SU
7036;SU
1293;EG
1573;US
6517;SU
6517;UA
5363;NO
5795;GB
513;AR
6473;SU
4859;JP
4290;FR
511;AR
7280;SU
7035;SU
5708;GB
472;AR
8672;LT
8667;LT
8671;LT
8669;LT
8670;LT
5541;NL
5666;GB
5666;DE
5398;NO
5912;GB
1328;ES
5774;GB
10347;SU
6441;SU
6859;NO
5348;NO
5322;NO
5842;GB
9297;SU
1344;ES
5889;GB
5750;GB
5750;US
10056;SU
4101;FR
4145;FR
4214;FR
7274;SU
5512;NL
4204;FR
10511;SU
6443;SU
9226;SU
907;CA
5407;NO
446;DE
6325;SU
4248;FR
1141;KR
1141;JP
6414;SU
789;CA
6860;NO
10104;SU
5665;GB
8596;SU
5386;NO
4792;JP
5408;NO
10101;SU
1370;US
1370;CA
253;DE
4736;JP
1245;DK
1220;DK
1185;DK
1270;DK
309;DE
6831;JP
1818;US
10450;SU
845;CA
6214;SE
6655;ZA
1801;US
10152;NO
6996;SU
4221;FR
871;CA
5411;NO
5411;GB
1194;DK
4237;FR
4229;FR
5102;JP
5704;GB
5704;US
10509;SU
7120;SU
4064;FR
4064;US
7291;SU
921;CA
7272;SU
10205;SU
4036;FI
6388;SU
10510;SU
4171;FR
6545;SU
5887;GB
10312;SU
4097;FR
4097;MC
6550;SU
5383;NO
10379;SU
382;DE
6300;SU
4292;FR
7533;SU
6560;SU
8668;LT
4135;FR
754;BE
6412;SU
9763;SU
5325;NO
4718;JP
751;BE
1616;US
4726;JP
6513;SU
383;DE
8838;JP
1567;US
5349;NO
4044;FR
9668;SU
5802;GB
5922;GB
1235;DK
10380;SU
1041;CA
6427;SU
7273;SU
10324;SU
6306;SU
6306;RU
5862;GB
10314;SU
6973;SU
6973;UA
5401;NO
2117;US
1227;DK
4049;FR
6428;SU
6428;CU
1786;US
1786;CA
4738;JP
4797;JP
10334;SU
10333;SU
4742;JP
1252;DK
9343;SU
3992;FI
7163;SU
7743;SU
1984;US
1427;US
1503;US
10350;SU
9289;SU
4674;JP
6570;SU
8678;SU
4466;IS
10346;SU
1407;US
4856;JP
7785;SU
4963;JP
4911;JP
4854;JP
4054;FR
4918;JP
4559;JP
6246;SE
6258;SE
5070;JP
4713;JP
4448;IS
4448;CA
4981;JP
4981;99
4289;FR
4551;JP
4836;JP
5352;NO
8969;SU
10106;JP
4743;JP
4549;JP
7135;SU
10323;SU
1860;US
4463;IS
7279;SU
9243;SU
5039;JP
4996;JP
10492;SU
10349;SU
4913;JP
4913;US
4754;JP
4994;JP
2804;US
4545;JP
4768;JP
4860;JP
9344;SU
9331;SU
9339;SU
9351;SU
4983;JP
4795;JP
306;DE
5608;PL
6872;PL
6874;PL
5857;GB
5485;NL
5494;NL
5525;NL
5525;AU
4268;FR
7404;CA
4864;JP
7154;JP
796;CA
6912;LV
341;DE
271;DE
271;US
10338;SU
6904;EE
10313;SU
10316;SU
6469;SU
6425;SU
10383;SU
6750;SU
10381;SU
10388;SU
4858;JP
7555;SU
10384;SU
10385;SU
9352;SU
314;DE
9205;SU
6307;SU
4802;JP
262;DE
5505;NL
332;DE
4872;JP
1392;US
5337;NO
1832;US
9228;SU
5396;NO
1275;DK
1216;DK
9384;SU
7297;SU
1256;DK
10382;SU
4561;JP
313;DE
5006;JP
5331;NO
4785;JP
4914;JP
1513;US
195;DE
194;DE
298;DE
4971;JP
689;AU
9230;SU
5773;GB
4565;JP
4567;JP
5004;JP
4852;JP
4564;JP
4568;JP
8970;SU
6979;SU
8016;US
6507;SU
3177;US
5101;JP
4945;JP
6967;DE
6269;SE
5008;JP
4992;JP
4553;JP
4728;JP
4804;JP
9227;SU
6330;SU
5127;JP
1858;US
6381;SU
5126;JP
3972;FI
3972;SE
9229;SU
4569;JP
5019;JP
5020;JP
4920;JP
5018;JP
9293;SU
5128;JP
5025;JP
5122;JP
5015;JP
4923;JP
375;DE
4896;JP
4870;JP
4870;99
7285;SU
4811;JP
4811;US
4812;JP
4967;JP
5326;NO
8244;US
8310;US
10309;SU
7783;SU
9231;SU
7778;SU
5010;JP
5022;JP
4988;JP
2156;US
9291;SU
10318;SU
4762;JP
877;CA
320;DE
8377;US
5412;NO
6789;US
1598;US
8317;US
2094;US
5096;JP
5112;JP
3731;US
5113;JP
2460;US
1410;US
1507;US
1399;US
1354;US
1354;DE
2860;US
4985;JP
4990;JP
4922;JP
4989;JP
8326;US
3188;US
2000;US
2000;CA
1969;US
1969;FR
1969;CA
2221;US
4576;JP
4576;SU
2966;US
6985;SU
6878;CA
6878;GB
1623;US
1623;CA
3774;US
6986;SU
3041;US
2029;US
2029;CA
1750;US
10208;SU
3064;US
6790;US
1375;US
2484;US
8269;US
6792;US
1723;US
8246;US
1431;US
6791;US
8174;US
6788;US
6793;US
5342;NO
2739;US
2806;US
4816;JP
6787;US
1685;US
1985;US
9385;SU
8230;US
8280;US
8346;US
1405;US
2360;US
8328;US
8327;US
6784;US
5387;NO
8381;US
9225;SU
10080;JP
10080;SU
7625;SU
215;DE
6978;SU
3199;US
6630;SU
3875;US
1687;US
8329;US
8971;SU
4814;JP
4813;JP
1652;US
8324;US
8330;US
6990;SU
4766;JP
2028;US
4701;JP
8331;US
4793;JP
1802;US
3771;US
8224;US
2908;US
2701;US
1391;US
1391;CA
8289;US
1470;CA
1470;US
8271;US
3079;US
8264;US
8199;US
3155;US
3838;US
6781;US
1760;US
561;AU
2166;US
1981;US
8201;US
8259;US
8312;US
4764;JP
7151;JP
5339;NO
2676;US
1416;US
3193;US
2443;US
3805;US
2910;US
1838;US
1773;US
2720;US
3615;US
8235;US
2023;US
1978;US
1978;CA
1978;99
8193;US
1617;US
8416;US
3129;US
2012;US
1397;US
8220;US
8362;US
1856;US
8284;US
8223;US
8418;US
8209;US
1721;US
8208;US
564;AU
8344;US
3299;US
8363;US
5333;NO
8314;US
2595;US
3710;US
2517;US
8207;US
2489;US
6818;US
8270;US
4874;JP
4585;JP
7150;JP
4875;JP
3907;US
6785;US
8417;US
2425;US
1793;US
8301;US
8411;US
8412;US
7771;US
8286;US
7313;SU
8361;US
3286;US
1475;US
1450;US
8414;US
8423;US
3863;US
2926;US
2674;US
2180;US
8197;US
3882;US
4788;JP
1627;US
8443;CA
3804;US
8425;CA
3241;US
8413;US
1420;US
1907;US
8338;US
4815;JP
8439;CA
2889;US
8382;US
8467;CA
3116;US
8468;CA
1352;US
1352;CA
8404;US
8268;CA
3888;US
8458;CA
1606;US
3128;US
8182;US
3514;US
1560;US
2630;US
3794;US
1785;US
2899;US
569;AU
3706;US
8242;US
8221;US
1369;US
2259;US
8415;US
8163;US
2743;US
1811;US
8187;US
8436;CA
1825;US
3822;US
1380;US
3147;US
1423;US
1423;CA
2748;US
2249;US
1633;US
2018;US
8283;US
2722;US
1499;US
3681;US
1596;US
6453;SU
6453;UA
8198;US
3521;US
1902;US
1365;US
3848;US
3427;US
2092;US
1522;US
1514;US
3458;US
8437;CA
8332;US
8205;US
8347;US
3808;US
2688;US
1440;US
3020;US
1834;US
3740;US
3305;US
2446;US
8178;US
3456;US
3457;US
1479;US
1480;US
2838;US
2413;US
3261;US
3884;US
3599;US
8410;US
8196;US
3598;US
2671;US
1429;US
3013;US
3445;US
1668;US
2711;US
8434;CA
1435;US
1435;CA
3335;US
5395;NO
5365;NO
1993;US
8258;US
2658;US
3853;US
5366;NO
3301;US
2069;US
2069;CA
2721;US
1419;US
8449;CA
1455;US
2136;US
8217;US
8232;US
8396;US
3816;US
8261;US
8302;US
8192;US
2802;US
3061;US
1526;US
3107;US
8364;US
8435;CA
2277;US
1827;US
8248;US
3790;US
2690;US
5399;NO
8386;US
8307;US
2789;US
1401;US
1997;US
2686;US
2709;US
3104;US
1895;US
3897;US
8352;US
1495;US
2863;US
1959;US
2694;US
2536;US
7152;JP
5139;JP
8407;US
3887;US
8188;US
3439;US
8262;US
1650;US
3092;US
3607;US
2566;US
2148;US
1974;US
8311;US
3770;US
1855;US
2435;US
3450;US
2710;US
1689;US
2837;US
8234;US
8234;CA
8345;US
1882;US
2530;US
8241;US
1570;US
8228;US
8368;US
3358;US
2848;US
3847;US
1535;US
2415;US
3309;US
1663;US
1404;US
8238;US
8225;US
2258;US
2772;US
3253;US
2123;US
9296;SU
8256;US
8299;US
3316;US
2975;US
8353;US
2102;US
1751;US
8252;US
8215;US
2980;US
8306;US
3593;US
8349;US
8200;US
575;AU
2055;US
8254;US
3756;US
2828;US
8365;US
8263;US
8227;US
2278;US
2211;US
8292;US
1608;US
2111;US
3486;US
577;AU
8380;US
2071;US
8341;US
3319;US
2135;US
7153;JP
8247;US
182;US
182;CA
182;NL
182;DE
182;IT
182;YU
182;SU
182;DK
182;PT
8403;US
3675;US
1692;US
2591;US
1576;US
8169;US
8342;US
3042;US
1996;US
8194;US
3317;US
8387;US
3010;US
8219;US
8206;US
1544;US
2636;US
8372;US
2043;US
8222;US
3851;US
8320;US
8355;US
1428;US
3817;US
1908;US
8210;US
8237;US
8277;US
2664;US
8308;US
1944;US
1941;US
1632;US
2059;US
2705;US
1957;US
2209;US
3315;US
2022;US
8195;US
3131;US
947;CA
8378;US
1406;US
3819;US
2659;US
1823;US
7754;SU
2339;US
2792;US
1866;US
3258;US
8245;US
1025;CA
2868;US
6779;US
1966;US
1718;US
8464;CA
576;AU
3323;US
7376;CA
2578;US
2084;US
2081;US
2081;99
1792;US
8267;US
8272;US
8337;US
1741;US
1412;US
1412;CA
1971;US
1900;US
273;US
1778;US
2214;US
2214;CA
1467;US
1830;US
8202;US
8420;CA
1545;US
2129;US
8309;US
3886;US
3736;US
2831;US
6780;US
8274;US
3113;US
3780;US
1709;US
582;AU
8304;US
3714;US
2747;US
549;AU
2919;US
8336;US
2280;US
2832;US
1572;US
1586;US
3444;US
1918;US
3674;US
1494;US
3260;US
3192;US
8340;US
2880;US
1748;US
2364;US
1465;US
8316;US
3806;US
2440;US
7781;SU
3653;US
1947;US
8343;US
3840;US
1569;US
1886;US
1814;US
3326;US
2079;US
1686;US
8216;US
3716;US
8455;CA
3910;US
1012;CA
5393;NO
3207;US
2151;US
1948;US
8287;US
3852;US
8373;US
886;CA
2697;US
2871;US
3748;US
1903;US
1820;US
3460;US
3402;US
2783;US
1469;US
3150;US
1351;US
3893;US
5368;NO
1933;US
8190;US
1788;US
7779;SU
2010;US
1955;US
3105;US
3750;US
4680;JP
8214;US
2082;US
2082;CA
1846;US
8348;US
3083;US
2673;US
2279;US
2124;US
2118;US
3782;US
3076;US
2007;US
3948;US
2862;US
8392;US
8265;US
8239;US
3773;US
7461;SU
8191;US
1744;US
1722;US
3692;US
3920;US
3954;US
2035;US
3249;US
3441;US
1816;US
1847;US
8164;US
3722;US
1883;US
1666;US
3956;US
3763;US
3957;US
8405;US
1683;US
2733;US
3843;US
8017;US
8233;US
8370;US
8266;US
1813;US
7782;SU
8260;US
3723;US
3945;US
3955;US
882;CA
2108;US
3946;US
8295;US
3952;US
3941;US
8168;US
3942;US
3944;US
8371;US
1433;US
3950;US
3789;US
3949;US
2017;US
3953;US
1674;US
1912;US
5355;NO
5330;NO
5346;NO
2353;US
1890;US
1840;US
8243;US
1398;US
2344;US
6783;US
3190;US
2142;US
8335;US
1179;DK
4382;GR
6423;SU
3951;US
1876;US
2072;US
9303;SU
7317;SU
1887;US
1636;US
1942;US
2153;US
1872;US
1184;DK
2903;US
1804;US
2882;US
9290;SU
5896;GB
1498;US
1498;CA
1516;US
2391;US
8584;SU
2544;US
2544;CA
9337;SU
3938;US
8400;US
2144;US
2724;US
8179;CA
3940;US
1615;US
2150;US
1439;US
187;US
187;DE
2948;US
2948;CA
8448;CA
5917;GB
1508;US
1530;US
1849;US
5927;GB
1442;US
1497;US
4900;JP
2227;US
5358;NO
2013;US
2013;CA
1590;US
1490;US
2091;US
2234;US
1698;US
6315;SU
1541;US
7304;SU
5370;NO
5118;JP
3045;US
7396;CA
1852;US
4475;IL
7388;CA
1822;US
5351;NO
8240;US
1483;US
6426;SU
7379;CA
1517;US
1517;CA
1517;99
1797;US
10336;SU
1655;US
3872;US
1653;US
2131;US
8431;US
3943;US
8459;CA
6594;SU
7027;SU
9287;SU
1924;US
9288;SU
5951;GB
8471;GB
7203;GB
8470;GB
4075;FR
6004;GB
6185;SE
2141;US
2141;CA
2213;US
8447;GB
8447;CA
4555;JP
7784;SU
2152;US
8426;US
1542;US
1999;US
1189;DK
3926;US
3826;US
5404;NO
2087;US
2112;US
4695;JP
8184;CA
5327;NO
10188;SU
2103;US
2237;US
1577;US
5841;GB
8351;US
1556;US
1841;US
1693;US
5717;GB
2174;US
6701;YU
2374;US
1529;US
5362;NO
8176;US
8354;US
1789;US
1987;US
2387;US
2874;US
1437;US
1437;CA
1574;US
2205;US
4757;JP
1881;US
2420;US
5035;JP
1594;US
4543;JP
4062;FR
9338;SU
5000;JP
1011;CA
4891;JP
7727;US
858;CA
1611;US
2401;US
4624;JP
5681;GB
5681;99
2254;US
8446;GB
2274;US
2047;US
8457;CA
8438;CA
1628;US
4965;JP
1224;DK
8255;US
6963;SU
5732;GB
8376;CA
1896;US
4999;JP
8428;CA
1395;US
1395;99
1376;US
1376;CA
3318;US
4637;JP
5936;GB
1973;US
4224;FR
3624;US
1532;US
1438;US
1752;US
1795;US
2246;US
3225;US
6797;US
2046;US
4053;FR
1528;US
1728;US
1708;US
1699;US
7761;SU
5034;JP
5037;JP
2418;US
2083;US
1909;US
1454;US
1960;US
1257;DK
5522;NL
2202;US
2186;US
2085;US
6670;ZA
2226;US
4769;JP
2238;US
562;AU
4358;FR
2160;US
2015;US
822;CA
822;US
559;AU
1066;CL
1366;US
1371;US
1504;US
3936;US
4541;JP
1489;US
10186;SU
5772;GB
5772;US
5873;GB
4547;JP
3921;US
8375;US
1715;US
3254;US
3772;US
1812;US
3906;US
1867;US
5036;JP
8465;GB
1568;US
2861;US
1724;US
1836;US
5354;NO
5491;NL
4809;JP
5397;NO
1707;US
9367;SU
3620;US
1558;US
5763;GB
2476;US
343;DE
343;PA
5756;GB
7295;SU
1424;US
9361;SU
6868;NO
1390;US
919;CA
3960;US
5944;GB
5944;99
2181;US
1193;DK
5406;NO
2178;US
1691;US
7557;SU
805;CA
805;US
2228;US
189;DE
10808;CA
885;CA
4363;GR
5415;NO
2229;US
4644;JP
9336;SU
3265;US
1970;US
1425;US
4423;ID
8212;US
1964;US
1964;CA
3206;US
1864;US
1604;US
1826;US
1197;DK
6865;NO
1441;US
1441;SU
1958;US
4623;JP
8406;US
1757;US
1642;US
1493;US
3252;US
6850;NO
1735;US
1637;US
2675;US
1953;US
2500;US
1621;US
4205;FR
862;CA
361;DE
3300;US
1552;US
2382;US
2098;US
8485;US
1625;US
3654;US
3465;US
2672;US
2672;CA
4473;IL
3720;US
8231;US
8231;CA
8251;US
2481;US
1842;US
1911;US
10189;SU
2323;US
4193;FR
5343;NO
2218;US
563;AU
1989;US
2075;US
6656;ZA
377;DE
1014;CA
8273;US
1950;US
1950;99
2216;US
2216;CA
955;CA
1743;US
8279;US
9981;SU
1745;US
1745;99
8357;US
1559;US
1039;CA
1039;US
8506;US
5973;GB
5973;US
997;CA
1618;US
2377;US
5975;GB
5975;99
5975;US
3814;US
8359;US
865;CA
865;US
8463;GB
785;CA
807;CA
3612;US
3612;CA
5338;NO
8165;GB
8165;US
5364;NO
835;CA
5942;GB
5942;US
2080;US
2090;US
5725;GB
903;CA
890;CA
6964;SU
2192;US
6801;US
6000;GB
8445;GB
8445;CA
786;CA
2074;US
2335;US
5976;GB
2210;US
8360;US
5890;GB
5890;FR
1434;CA
1434;US
4737;JP
1803;US
1932;US
5142;JP
1232;DK
8442;GB
8366;US
4906;JP
8226;US
2171;US
5872;GB
5123;JP
8250;US
4993;JP
4544;JP
4932;JP
1675;US
838;CA
8181;GB
2841;US
4209;FR
1965;US
2121;US
10207;SU
1612;US
715;AU
715;US
2042;US
8294;US
8294;CA
5743;GB
6899;SU
1214;DK
4908;JP
5943;GB
2097;US
1696;US
1388;US
8323;US
5639;GB
1379;US
3810;US
6552;SU
1421;US
2034;US
1671;US
2251;US
1747;US
2260;US
1595;US
1695;US
1762;US
1649;US
4759;JP
1361;US
1361;CA
1865;US
2325;US
2061;US
1583;US
8422;US
5729;GB
1648;US
734;AU
1975;US
8388;US
1853;US
1554;US
1737;US
1755;US
2635;US
2635;99
1565;US
2610;US
1922;US
8282;US
2066;US
602;AU
1889;US
4461;IS
1578;US
1578;99
7745;SU
7745;UA
5072;JP
2584;US
5861;GB
2159;US
2177;US
3198;US
9350;SU
2146;US
2078;US
1518;US
1518;99
2433;US
5716;GB
5931;GB
372;DE
5855;GB
5855;99
5855;US
1016;CA
2400;GB
1888;US
3273;US
1624;US
3106;US
6849;NO
2286;US
8397;CA
8397;US
2269;US
4454;IS
2011;US
7378;US
7378;CA
10081;JP
5728;GB
2272;US
5734;GB
8285;US
1634;US
9292;SU
750;BE
1713;US
8276;CA
6541;SU
2493;US
7381;CA
9373;SU
4652;JP
9505;JP
9503;JP
4709;JP
2904;US
9283;SU
2563;US
2041;US
9504;JP
8065;JP
4663;JP
6490;SU
9334;SU
1463;US
1463;CA
5646;GB
818;CA
9370;SU
9370;UA
8333;US
1705;US
8430;GB
8424;GB
4753;JP
4670;JP
2692;US
4895;JP
5847;GB
5847;US
2283;US
1843;US
1931;US
7026;SU
8469;GB
6975;SU
6975;UA
2188;US
6239;SE
3208;US
2317;US
4961;JP
1357;US
2133;US
8462;GB
8462;99
8211;US
1555;US
7294;SU
4676;JP
1781;US
2330;US
10193;SU
2314;US
5618;PT
542;AU
1712;US
3293;US
906;CA
906;US
3015;US
1678;US
2459;US
2040;US
8441;GB
2911;US
1006;CA
1845;US
888;CA
2070;US
1871;US
2195;US
1980;US
1790;US
1806;US
1276;DK
1688;US
2929;CA
2929;US
1643;US
910;CA
1821;US
1937;US
6765;CA
6768;CA
8350;US
2318;US
2223;US
8384;US
2416;US
1798;US
8213;US
5995;GB
5995;NL
8427;GB
5747;GB
1537;US
8402;US
7742;SU
940;CA
2168;US
5980;GB
6766;CA
9374;SU
1848;US
2037;US
2232;US
8305;US
924;CA
6798;US
8257;US
1575;US
1986;US
2343;US
7402;CA
1780;US
5924;GB
5568;PE
8379;US
1588;US
2653;US
2110;US
1360;US
6817;US
5071;JP
2704;US
2477;US
4671;JP
10187;SU
4694;JP
1940;US
6604;SU
1561;US
2165;US
3023;US
1008;CA
8450;GB
3250;US
2759;US
1787;US
8466;GB
8460;GB
2261;US
4730;JP
4138;FR
4563;JP
6063;GB
1774;US
9300;SU
2006;US
1368;US
4407;IN
1619;US
1850;US
7552;SU
4401;IN
1771;US
1771;CA
558;AU
2067;US
9199;SU
1409;US
3100;US
3081;CA
3081;US
1519;US
3082;US
3082;CA
4403;IN
5744;GB
2005;US
2063;US
5120;JP
1589;US
8383;US
1396;US
5821;GB
2169;US
1502;US
8319;US
1910;US
1910;CA
3276;US
8432;GB
5375;NO
3297;US
4392;IN
4187;FR
5710;GB
3360;US
5527;NL
1799;US
2396;US
4810;JP
8419;US
1571;US
5749;GB
5749;US
5749;99
1717;US
3437;US
4405;IN
334;DE
2172;US
10282;SU
2412;US
2058;US
8451;GB
1859;US
8453;GB
5724;GB
1919;US
3324;US
8358;CA
6463;SU
560;AU
2009;US
8298;CA
1870;US
2252;US
2252;CA
5737;GB
2677;US
2663;US
5961;GB
10168;JP
2923;US
5953;GB
5983;GB
272;DE
2368;US
1968;US
8339;CA
8325;GB
8249;CA
8409;US
7084;SU
2665;US
9366;SU
6861;NO
2170;US
457;DE
457;99
7283;SU
3257;US
9322;SU
9322;RU
8408;US
8293;US
8293;CA
5044;JP
8898;US
1753;US
2077;US
8275;CA
9360;SU
9360;UA
10085;JP
2509;US
1738;US
2199;US
1228;DK
1600;US
6820;US
4789;JP
5739;GB
6804;US
1833;US
1992;US
8303;US
2101;US
2347;US
5888;GB
2442;US
5758;GB
8566;SU
1580;US
8461;GB
4233;FR
1878;US
1602;US
5907;GB
2731;US
2312;US
8452;GB
2769;US
5978;GB
5978;US
5996;GB
5996;NL
5982;GB
8444;GB
1739;US
1938;US
5987;GB
573;AU
10194;SU
3262;US
1681;US
2361;US
1432;US
1635;US
5735;GB
5868;GB
1665;US
2614;US
554;AU
554;US
2239;US
2422;US
3314;US
5748;GB
5712;GB
8334;US
2523;US
691;AU
3303;US
5933;GB
8374;US
4979;JP
7554;SU
4849;JP
1828;US
2456;US
6546;SU
1548;US
2683;US
1703;US
1892;US
1525;US
6857;NO
1394;US
2215;US
4850;JP
4556;JP
2626;US
9982;SU
6884;GB
502;AR
4977;JP
1839;US
4998;JP
4970;JP
4907;JP
1706;US
1857;US
2114;US
6971;SU
9983;SU
5991;GB
2143;US
10283;SU
5807;GB
1901;US
8486;US
768;BR
10558;SU
4030;FI
3994;FI
896;CA
8536;SU
1511;US
5474;NL
8891;JP
2907;US
2615;US
10459;SU
824;CA
1050;CA
4807;JP
5742;GB
5742;99
4866;JP
4765;JP
2356;US
5009;JP
633;AU
1972;US
594;AU
8391;CA
2050;US
2050;CA
2458;US
3459;US
134;CD
134;FR
4805;JP
5705;GB
2100;US
1015;CA
5964;GB
3005;US
2220;US
2410;CA
2410;US
3452;US
512;AR
10192;SU
6796;US
2836;US
1031;CA
5892;GB
10197;SU
3291;US
1779;US
895;CA
615;AU
8429;GB
5874;GB
5968;GB
5796;GB
5731;GB
636;AU
2398;US
5967;GB
5866;GB
670;AU
6707;DE
223;DE
2851;US
497;AR
4803;JP
8454;CA
5878;GB
2541;US
540;AU
8440;CA
5738;GB
10325;AU
3049;US
5645;GB
5994;GB
5994;NL
5662;GB
3089;US
4903;JP
5703;GB
5005;JP
6336;SU
6336;RU
959;CA
8321;CA
3850;CA
3850;US
498;AR
9984;SU
6395;SU
6395;RU
1028;CA
1028;US
5810;GB
10084;JP
10200;SU
9232;SU
6298;SU
5649;GB
666;AU
6544;SU
1418;US
1030;CA
1676;US
9364;SU
1758;US
10087;JP
1690;US
6458;SU
4675;JP
934;CA
934;99
4612;JP
4944;JP
4011;FI
3981;FI
477;AR
7819;JP
4009;FI
1936;US
1524;US
7228;SU
1491;US
2805;US
5849;GB
5714;GB
4613;JP
1472;US
514;AR
5041;JP
8291;US
2678;US
5962;GB
2462;US
3783;US
958;CA
6812;US
3166;US
8477;US
5723;GB
5993;GB
4225;FR
2358;US
4746;JP
6498;SU
8456;CA
8297;US
10183;SU
1486;US
5656;GB
2158;US
5569;PE
2162;US
1358;US
1536;US
2336;US
2336;CA
5986;GB
1403;US
3426;US
746;BE
535;AU
2685;US
4422;ID
6569;SU
8290;CA
8290;US
1364;US
2173;US
3919;US
2924;US
2406;US
4712;JP
2725;US
7046;SU
771;BR
5969;GB
6478;SU
1768;US
795;CA
5751;GB
5997;GB
5997;NL
2236;US
5472;NL
1661;US
2154;US
6795;US
6786;US
2409;US
3346;US
5707;GB
7007;SU
5106;JP
3307;US
2115;US
9389;SU
2414;US
5759;GB
510;AR
6460;SU
6460;US
9294;SU
2048;US
5446;NZ
2717;US
4015;FI
8398;US
5863;GB
9506;JP
5670;GB
9299;SU
4642;JP
1943;US
839;CA
7037;SU
905;CA
1446;US
8173;US
4628;JP
9386;SU
4620;JP
945;CA
6653;SU
6653;DU
8586;SU
4540;JP
61;CI
6510;SU
3103;US
1506;US
5379;NO
10448;SU
1381;US
1381;CA
4763;JP
6429;SU
6429;UA
5999;GB
635;AU
8318;US
8318;CA
2699;US
2737;US
1770;US
6514;SU
2019;US
5418;NC
4234;FR
4234;NC
1776;US
5923;GB
5923;99
2399;US
5675;GB
1765;US
10212;SU
4957;JP
6554;SU
6278;TH
5432;NZ
5439;NZ
5727;GB
5380;NO
6437;SU
6437;RU
1647;US
5592;PL
7314;SU
5699;GB
1897;US
956;CA
5702;GB
4178;FR
4528;IT
3393;US
1995;US
762;BR
3958;US
1777;US
5605;PL
5605;PE
4952;JP
6553;SU
10262;SU
5945;GB
7747;SU
10364;AU
5730;GB
5730;99
4892;JP
5014;JP
6276;TH
1658;US
2455;US
3143;US
5903;GB
5713;GB
5713;99
7609;SE
591;AU
4515;IT
5310;NO
6277;TH
10253;SU
1468;US
387;DE
4195;FR
5955;GB
731;AU
1669;US
4177;FR
4265;FR
6556;SU
6679;ZA
5684;GB
5913;GB
2376;US
5332;NO
829;CA
9365;SU
2054;US
1640;US
5385;NO
6702;YU
972;CA
3785;US
4280;US
4280;FR
6408;SU
8133;SU
8204;CA
4732;JP
7251;US
3434;US
1945;US
9524;TR
2134;US
4527;IT
4525;IT
5384;NO
8395;US
463;DU
6436;SU
605;AU
1601;US
1998;US
5965;GB
6593;SU
6593;RU
4181;FR
6501;SU
6501;RU
2167;US
1531;US
509;AR
509;99
5002;JP
5002;SU
5002;99
3180;US
1694;US
6396;SU
1667;US
5603;PL
5800;GB
3152;US
8487;US
2242;US
5601;PL
1697;US
5593;PL
10491;SU
9342;SU
3185;US
1484;US
2612;US
481;AR
5539;NL
6587;SU
3203;US
4199;FR
4402;IN
4509;IT
8870;US
7013;SU
4192;FR
1492;US
1800;IT
2175;US
4103;FR
4103;US
2866;US
2379;US
4250;FR
515;AR
5698;GB
6455;SU
6455;UA
1967;US
5591;PL
4399;IN
5992;GB
6484;SU
6484;RU
6487;SU
728;AU
5966;GB
5966;NL
6704;YU
1885;US
1740;US
2113;US
2119;US
10199;SU
2244;US
1651;US
1824;US
2329;US
574;AU
1935;US
1078;CL
9240;JP
634;AU
687;AU
4182;FR
507;AR
7553;SU
2219;US
5860;GB
5846;GB
4511;IT
4513;IT
3709;US
5427;NZ
5726;GB
2324;US
2247;US
2734;US
2729;US
995;CA
10378;AU
6669;ZA
7748;SU
2157;US
1592;US
6548;SU
5919;GB
4139;FR
2176;US
5347;NO
992;CA
3339;US
3036;US
1073;CL
4791;JP
2222;US
1355;US
2291;US
3123;US
4529;IT
8484;US
506;AR
5902;GB
2808;US
6474;SU
1092;CO
5682;GB
8278;US
1456;US
4474;IL
1639;US
6454;SU
5382;NO
2439;US
2439;CA
5597;PL
2744;US
2099;US
8356;US
5419;NC
5950;GB
4972;JP
2004;US
5263;MG
6461;SU
6461;UA
6327;SU
9166;SU
9356;SU
5935;GB
6312;SU
5673;GB
6482;SU
4959;JP
485;AR
6608;SU
5595;PL
4298;FR
864;CA
4886;JP
8474;US
7316;SU
10285;SU
4296;FR
6297;SU
538;AU
4501;IT
10182;SU
4773;JP
2321;US
5840;GB
1095;CO
10335;SU
5948;GB
8475;US
1662;US
1645;US
9383;SU
6581;SU
4767;JP
695;AU
10284;SU
1638;US
1563;US
5706;GB
5706;99
1976;US
555;AU
8002;SU
5826;GB
1527;US
4462;IS
1991;US
5434;NZ
1501;US
6970;SU
6654;ZA
5515;NL
1733;US
2468;US
1754;US
6562;SU
4232;FR
2206;US
5688;GB
2073;US
5854;GB
798;CA
64;CI
598;AU
6561;SU
8369;US
6717;SU
1292;EG
1292;JP
545;AU
2217;US
6677;ZA
1956;US
5679;GB
1920;US
6674;ZA
686;AU
1500;US
10204;SU
4190;FR
4514;IT
1459;US
2145;US
6559;SU
6302;SU
1701;US
9369;SU
6666;ZA
5958;GB
1077;CL
7741;SU
10337;SU
1579;US
2268;US
5921;GB
6504;SU
5856;GB
1597;US
1893;US
1875;US
1851;US
1022;CA
6800;US
6665;ZA
5870;GB
6310;SU
7872;SU
9368;SU
7192;SU
2357;US
1732;US
2076;US
7139;SU
2746;US
2429;US
7011;SU
4962;JP
5697;GB
7253;US
456;DE
3336;US
685;AU
3395;US
6935;SU
8399;US
2351;US
1482;US
1761;US
4072;FR
2745;US
2745;CA
450;DE
6803;US
2434;US
2127;US
3964;FI
5794;GB
1784;US
5667;GB
1680;US
4523;IT
1946;US
4974;JP
1083;CL
9824;SU
4301;FR
6488;SU
4111;KR
4111;FR
2126;US
1934;US
1013;CA
1994;US
984;CA
5767;GB
571;AU
572;AU
1069;CL
10050;US
5875;GB
4516;IT
2248;US
2512;FR
2512;US
5851;GB
899;CA
1564;US
7081;SU
6624;SU
9765;SU
2104;US
8488;US
5644;GB
5908;GB
7269;US
453;DE
1481;US
6974;SU
7225;SU
1549;US
869;CA
6687;VE
6313;SU
6313;UA
9420;SU
4949;JP
10191;SU
8394;US
4533;IT
4493;IT
9298;SU
9302;SU
1904;US
1534;US
1702;US
2182;US
1005;CA
1005;US
7980;DE
2271;US
7107;SU
2163;US
1927;US
5865;GB
3925;US
3959;US
1408;US
6446;SU
6688;VE
2026;US
2179;US
3313;US
4183;FR
4741;JP
1353;US
802;CA
802;PE
1939;US
4141;FR
5775;GB
4731;JP
5449;NZ
1373;US
2068;US
3965;FI
4148;FR
2203;US
2392;US
1474;US
9565;RO
10251;SU
8886;JP
7551;SU
6464;SU
1385;US
2193;US
5915;GB
7001;SU
5949;GB
6813;US
642;AU
1660;US
4278;FR
2003;US
690;AU
8734;US
1682;US
1464;US
1550;US
4960;JP
1599;US
2190;US
3325;US
9839;SU
2245;US
723;AU
8537;SU
5928;GB
7993;DE
2014;US
1716;US
6947;US
5110;JP
1879;US
4719;JP
6481;SU
1372;US
6815;US
2233;US
4557;JP
4231;FR
4231;MC
6479;SU
5057;JP
9835;SU
745;BE
5543;NL
5480;NL
3781;US
1010;CA
857;CA
6667;ZA
8585;SU
1869;US
6805;US
2540;US
2540;JP
2540;99
2540;TW
2540;FR
2540;BR
2230;US
1304;EC
2038;US
6433;SU
8693;SU
5357;NO
6486;SU
7315;SU
1400;US
5033;JP
790;CA
5032;JP
925;CA
6259;SE
626;AU
729;AU
3971;FI
3973;FI
3970;FI
2528;CA
1305;EC
4735;JP
2021;US
6439;SU
5930;GB
5040;JP
5764;GB
3969;FI
1726;US
1679;US
1742;US
5899;GB
5899;AU
4893;JP
5417;NC
2106;US
9382;SU
1670;US
5741;GB
1673;US
1515;US
5055;JP
7614;SU
5990;GB
1819;US
2372;US
5819;GB
5819;US
1730;US
2241;US
1794;US
1610;US
6563;SU
1301;EC
2385;US
2385;IT
466;DU
466;DE
2125;US
1386;US
2053;US
1766;US
10185;SU
1977;US
5833;GB
476;AR
476;BR
1769;US
1546;US
2033;US
6592;SU
1509;US
4472;IL
2243;US
1038;CA
2062;US
1040;CA
2031;US
1004;CA
937;CA
914;CA
2030;US
1383;US
505;AR
7025;SU
3320;US
2465;US
2194;US
2333;US
6476;SU
6476;TH
8535;SU
2365;US
8401;US
6577;SU
6598;SU
5985;GB
475;AR
6477;SU
7226;SU
4155;FR
834;CA
2147;US
6810;US
951;CA
8313;US
8313;CA
9393;SU
8236;CA
1088;TW
503;AR
503;BR
1338;ES
8253;CA
8253;US
2371;US
8322;US
1471;US
500;AR
500;BR
500;99
8203;US
1581;US
1461;US
2265;US
2624;US
763;BR
1915;US
1299;EC
1714;US
6564;SU
4889;JP
902;CA
902;SU
3769;US
4412;IN
2051;US
1657;US
5664;GB
1072;CL
4400;IN
1979;US
4722;JP
8686;ZA
1899;US
6480;SU
5998;GB
4755;JP
1476;US
1466;US
10348;SU
2421;US
1861;US
2322;US
7676;CA
1763;US
1677;US
7835;SU
9362;SU
2273;US
1759;US
4799;JP
6549;SU
7004;SU
7028;SU
5891;GB
4133;FR
588;AU
496;AR
8039;SU
5641;99
6492;SU
5140;JP
1543;US
5163;JP
6686;VE
1533;US
7080;SU
3636;US
3636;CA
876;CA
5752;GB
1520;US
1520;PE
1520;EC
4698;JP
4723;JP
1961;US
4904;JP
483;AR
5447;NZ
9518;RO
4046;FR
764;BR
82;NG
3490;US
5026;JP
2093;US
2402;US
4794;JP
1805;US
1426;US
3151;US
4890;JP
4969;JP
4606;JP
813;CA
4953;JP
7119;SU
5904;GB
6485;SU
1630;US
5786;GB
8421;US
985;CA
5167;JP
7744;UA
7744;SU
604;AU
6285;TR
2551;GB
2551;US
8171;GB
5493;NL
1452;US
4690;JP
7002;SU
4950;JP
3968;FI
5871;GB
5392;NO
4566;JP
3398;US
5273;MX
5270;MX
2426;US
3145;US
1067;CL
2378;US
5852;GB
4790;JP
4173;FR
2345;US
5844;GB
4855;JP
5911;GB
4419;ID
7824;GB
7824;US
1002;CA
1585;US
4347;FR
5668;GB
8229;US
5837;GB
5837;99
5007;JP
4727;JP
5977;GB
4916;JP
4806;JP
833;CA
5825;GB
4641;JP
4714;JP
4558;JP
4927;JP
6286;TR
6286;EG
5361;NO
4771;JP
5261;MG
2362;US
4655;JP
4783;JP
5151;JP
5881;GB
8296;US
990;CA
5042;JP
5042;SN
2137;US
80;NG
5024;JP
1330;ES
6551;SU
5048;JP
4539;JP
765;BR
84;NG
8288;US
2436;US
83;NG
2326;US
4270;FR
2381;US
4507;IT
4507;IL
4978;JP
4552;JP
4954;JP
5373;NO
2488;US
1929;US
4394;IN
9380;SU
2155;US
4450;IS
1302;EC
1894;US
2370;US
310;DE
310;US
8896;AR
6620;SU
2140;US
2384;US
4808;JP
5082;JP
8085;JP
1300;EC
8645;PE
53;GH
8218;US
8055;JP
2036;US
5073;JP
2253;US
8134;SU
887;CA
887;US
4760;JP
655;AU
2116;US
4958;JP
55;GH
952;CA
1094;CO
5571;PE
6390;SU
3071;US
6879;GB
5092;JP
51;GH
5047;JP
8385;US
884;CA
884;US
2928;US
4784;JP
5074;JP
7813;JP
4467;IS
1926;US
6664;ZA
5617;PT
4584;JP
1607;US
2184;US
1064;CL
5125;JP
2599;US
7012;SU
5049;JP
1783;US
9168;SU
2350;US
5709;GB
2355;US
8888;JP
4456;IS
6864;NO
2231;US
1810;US
1906;US
4691;JP
1458;US
1363;US
1444;US
5045;JP
2431;US
2331;US
4524;IT
553;AU
5132;JP
2327;US
3187;US
4629;JP
197;DE
221;DE
467;DU
465;DU
2139;US
6983;SU
4901;JP
6994;SU
5087;JP
4876;JP
2044;US
6691;VE
4570;JP
5624;PT
1453;US
4421;ID
335;DE
2346;US
1710;US
6027;US
782;CA
1656;US
8389;US
6483;SU
4880;JP
5438;NZ
1951;US
2089;US
1291;SU
1291;EG
8850;SU
8850;RU
4776;JP
7815;JP
5481;NL
2380;US
1646;US
5456;PK
4455;IS
136;CD
1731;US
5416;NC
4571;JP
5454;PK
5523;NL
632;AU
135;CD
2366;US
4143;FR
6459;SU
2359;US
4733;JP
1829;US
7156;JP
5076;JP
6703;YU
5051;JP
459;DE
9242;JP
5083;JP
1074;CL
131;CD
4748;JP
6589;SU
1930;US
610;AU
627;AU
2255;US
1114;KR
1367;US
132;CD
2527;US
5413;NO
6398;SU
8568;SU
5098;JP
7326;FR
1448;US
6409;SU
7838;SU
4729;JP
1553;US
7327;FR
1112;KR
2138;US
1411;US
2001;US
5093;JP
6319;SU
1068;CL
1430;US
1120;KR
4168;FR
4168;MC
5431;NZ
860;CA
10195;SU
1641;US
7031;SU
4819;JP
7814;JP
1729;US
2130;US
1451;US
8687;ZA
130;CD
2187;US
1551;US
1034;CA
4710;JP
2809;US
2809;SU
2809;99
6607;SU
927;CA
5627;PT
7174;CA
5621;PT
5622;PT
4734;JP
5090;JP
5937;GB
2264;US
5058;JP
4881;JP
918;CA
5094;JP
2342;US
806;CA
1007;CA
1007;US
317;DE
2506;US
2337;US
556;AU
1117;KR
5080;JP
5444;NZ
3096;US
3304;US
2212;US
5099;JP
1075;CL
4946;JP
5537;NL
8130;SU
4750;JP
2698;US
4921;JP
1116;KR
6445;SU
612;AU
2441;US
7029;SU
2020;US
4659;JP
1831;US
1118;KR
7556;SU
1445;US
5068;JP
9330;SU
6417;SU
7834;SU
5817;GB
1746;US
2693;US
4947;JP
8032;SU
2634;US
6440;SU
4161;FR
2191;US
4711;JP
570;AU
7502;SU
5701;GB
6662;ZA
1913;US
6715;SU
565;AU
4459;IS
629;AU
629;99
629;NL
3292;US
6400;SU
1123;KR
2016;US
7179;CA
2208;US
6690;VE
1149;KR
1620;US
2128;US
1462;US
5137;JP
6356;SU
1582;US
1734;US
4948;JP
5262;MG
5262;FR
1070;CL
1081;CL
4898;JP
2008;US
41;CU
7137;SU
9164;SU
2417;US
4657;JP
3308;US
2354;US
7762;SU
2149;US
2352;US
5830;GB
1877;US
5078;JP
1496;US
6663;ZA
2281;US
1001;CA
922;CA
5135;JP
9284;SU
9282;SU
2479;US
5610;PT
1949;US
4586;JP
4661;JP
2487;US
7810;JP
2472;GB
2472;US
1402;US
6351;SU
4980;JP
4995;JP
35;CU
1125;KR
2207;US
923;CA
1339;ES
2548;US
7141;SU
6168;CN
5467;NL
792;CA
8071;JP
2262;US
2270;US
4956;JP
4956;99
630;AU
4532;IT
5145;JP
6472;SU
6472;UA
461;DU
2189;US
6465;SU
550;AU
624;AU
5290;MX
1101;CO
141;SN
1963;US
2056;US
4976;JP
4630;JP
1080;CL
1032;CA
2397;US
8177;US
1191;DK
989;CA
4912;JP
1131;KR
5152;JP
8538;SU
963;CA
2877;US
2086;US
4627;JP
9233;SU
4476;US
4476;IL
1111;KR
37;CU
111;PA
8570;SU
54;GH
4060;FR
2197;US
4184;FR
8030;SU
6406;SU
6557;SU
648;AU
2185;US
705;AU
6438;SU
4681;JP
4951;JP
4643;JP
7818;JP
6309;SU
1130;KR
2367;US
1137;KR
4692;JP
1132;KR
1415;US
4616;JP
5436;NZ
4887;JP
4934;JP
2200;US
5450;NZ
7169;CA
6470;SU
6470;PE
2198;US
2257;US
1053;CA
5720;GB
2275;US
643;AU
4489;IT
5291;MX
1109;KR
1096;CO
2470;US
4631;JP
4697;JP
2452;US
2824;US
1923;US
6523;SU
4968;JP
140;SN
7222;SU
30;CU
7839;SU
6294;SU
2201;US
6580;SU
6580;UA
766;BR
6320;SU
6320;US
3454;US
4677;JP
5286;MX
1100;CO
4418;ID
42;CU
4725;JP
1384;US
2266;US
2338;US
6110;GB
7006;SU
4471;IL
8038;SU
2256;US
568;AU
979;CA
976;CA
976;US
4666;JP
4653;JP
6274;TH
2524;US
1622;US
1622;99
6596;SU
6397;SU
2486;US
493;AR
2284;US
491;AR
3505;US
1037;CA
6939;SU
2032;US
6536;SU
2618;US
4897;JP
939;CA
1422;US
8031;SU
6794;US
5623;PT
2457;US
7680;SU
1152;KR
9301;SU
8569;SU
2408;US
2598;US
4577;JP
1815;US
1815;99
4654;JP
2403;US
2514;US
7797;SU
7798;SU
7058;TH
7833;SU
6293;SU
6324;SU
1868;US
2463;US
6972;SU
2444;US
10419;SU
4645;JP
4457;IS
4650;JP
4899;JP
492;AR
6638;SU
7450;SU
9387;SU
5583;PH
6496;SU
2542;US
6339;SU
4777;JP
6728;SU
6728;RU
2430;US
4669;JP
346;DE
4673;JP
4519;IT
2334;US
4530;IT
63;CI
2432;US
846;CA
1342;ES
5088;JP
2122;US
2196;US
811;CA
4465;IS
2464;US
1720;US
1042;CA
39;CU
936;CA
7121;SU
7677;SU
4857;JP
4682;JP
6668;ZA
7318;SU
1150;KR
779;CA
2120;US
1318;ES
2478;US
142;SN
1138;KR
5545;NL
3184;US
908;CA
2491;US
2594;US
3121;US
6568;SU
10271;JP
6753;SU
5085;JP
1764;US
8170;US
2045;US
5769;GB
2454;US
6475;SU
941;CA
2369;US
1024;CA
3752;US
5492;NL
7568;SU
3094;US
2428;US
7202;GB
1874;US
6602;SU
5879;GB
8131;SU
2496;US
10674;AU
143;SN
4683;JP
5465;NL
5570;PE
2466;US
8300;US
825;CA
2508;US
2621;US
6721;SU
6301;SU
6301;US
4721;JP
6321;SU
5499;NL
5535;NL
5520;NL
5479;NL
5604;PL
5598;PL
2480;US
44;CU
5546;NL
5526;NL
2511;US
2328;US
6451;SU
2437;US
6661;ZA
2537;US
7056;SG
4295;FR
6600;SU
5487;NL
2515;US
1108;KR
2483;US
2505;US
5489;NL
2606;US
2719;US
7125;SU
1873;US
9304;SU
301;DE
3271;US
4684;JP
1110;KR
8052;JP
5606;PL
9377;SU
2027;US
2944;US
8129;SU
867;CA
5482;NL
4758;JP
2467;US
5528;NL
6290;SU
6430;SU
6582;SU
9985;SU
2492;US
160;SL
6372;SU
2448;US
6512;SU
6512;99
5536;NL
4520;IT
9295;SU
4468;IS
2532;US
2404;US
4458;IS
3345;US
321;DE
874;CA
275;DE
6515;SU
3014;US
2495;US
916;CA
608;AU
7871;SU
2471;US
3189;US
2450;US
823;CA
863;CA
8565;SU
9206;AR
43;CU
2445;US
4626;JP
1017;CA
1093;CO
2640;US
6337;SU
2282;US
4521;IT
5626;PT
4685;JP
3732;US
1348;ES
586;AU
508;AR
2039;US
4127;FR
4512;IT
9244;US
2497;US
5517;NL
2533;US
2498;US
5426;NZ
5483;NL
6457;SU
2449;US
931;CA
6386;UA
6386;SU
6316;SU
2513;US
7100;SU
4223;FR
5378;NO
9392;CU
878;CA
2485;US
583;AU
1018;CA
45;CU
6752;SU
1029;CA
2503;US
6308;SU
948;CA
2553;US
2519;US
2906;US
2539;US
1613;US
2469;US
2900;US
2897;US
2652;US
7126;SU
6260;SE
2644;US
2583;US
151;SG
4088;FR
65;CI
2507;US
1262;DK
3077;US
2950;US
2526;US
6345;SU
589;AU
2510;US
3006;US
8739;SU
2654;US
4578;US
4578;JP
133;CD
5097;JP
6189;SE
3354;US
2340;US
2679;US
2494;US
938;CA
2516;US
2531;US
4687;JP
4687;99
6917;MR
6193;SE
9394;TW
2499;US
2520;US
1626;US
3411;US
999;CA
999;US
1213;DK
460;DU
2562;US
6273;TH
77;MY
5898;GB
2569;US
2565;US
868;CA
1086;TW
6950;SU
6950;UA
10293;JP
2534;US
6471;SU
3073;US
2522;US
622;AU
1113;KR
2799;US
1321;ES
842;CA
3050;US
2438;US
5625;PT
3294;US
5722;GB
6574;SU
3298;US
957;CA
3088;US
793;CA
5289;MX
981;CA
8646;GB
1614;US
2289;SU
2289;US
928;CA
928;US
7128;SU
10246;SU
6719;SU
4534;IT
5131;JP
9986;SU
5429;NZ
2552;US
2646;US
4926;JP
4452;IS
2645;US
3085;US
2649;US
2590;US
6317;SU
31;CU
541;AU
2564;US
4091;FR
5600;PL
4105;FR
2947;US
667;AU
667;US
667;NL
2732;US
7099;SU
9519;RO
2555;US
3349;US
2602;US
5052;JP
2935;US
4656;JP
3430;US
6948;SU
6948;RU
2597;US
1449;US
2579;US
6506;SU
783;CA
832;CA
2870;US
5053;JP
2603;US
1303;EC
10206;SU
10190;SU
585;AU
5287;MX
3601;US
2574;US
2592;US
2571;US
4633;JP
2582;US
7687;SU
1223;DK
5353;NO
3374;US
2557;US
2558;US
2609;US
893;CA
6350;SU
10560;NZ
6494;SU
3078;US
2572;US
6435;SU
4975;JP
727;AU
725;AU
726;AU
8001;DE
2601;US
4592;JP
4705;JP
2570;US
1320;ES
4408;IN
2573;US
3002;US
7133;SU
2575;US
4196;FR
657;AU
6737;PE
6737;SU
6658;ZA
3162;US
2589;US
3181;US
34;CU
2576;US
2974;US
2648;US
3347;US
4770;JP
6723;SU
6266;SE
6265;SE
6264;SE
3127;US
4678;JP
3348;US
6196;SE
6891;SE
2872;US
9223;SU
6583;SU
3322;US
697;AU
593;AU
3350;US
3251;US
6379;SU
4917;JP
5150;JP
5602;PL
32;CU
607;AU
5050;JP
4189;FR
4189;NC
2800;US
248;SU
248;DE
5089;JP
7613;SU
6399;SU
6275;TH
2608;US
6263;SE
9167;SU
6262;SE
7690;SU
2650;US
3807;US
2596;US
3351;US
2549;US
6261;SE
3611;US
7765;LB
2607;US
2639;US
6165;CN
7090;SU
7681;SU
6140;CN
617;AU
2790;US
4130;FR
3353;US
2914;US
2593;US
47;CU
3438;US
4442;IE
3285;US
10196;SU
5619;PT
3087;US
6882;GB
5046;JP
6578;SU
6578;99
6578;UA
6578;RU
6578;US
6344;SU
6344;99
6344;UA
2604;US
5069;JP
6314;SU
7061;SU
6139;CN
2978;US
2107;US
3355;US
60;CI
2687;US
2620;US
2716;US
6282;TN
3289;US
6734;SU
7143;SU
6649;SU
7078;SU
3302;US
2629;US
6575;SU
6575;99
6575;UA
6575;RU
2619;US
4548;JP
6705;YU
6705;IT
2628;US
5166;JP
6502;SU
584;AU
5159;JP
950;CA
4470;IL
2617;US
10423;SU
2637;US
983;CA
4185;FR
2740;US
980;CA
3012;US
6503;SU
2627;US
2631;US
2718;US
208;DE
5091;JP
6348;SU
2934;US
2680;US
2632;US
2682;US
3037;US
2586;US
2625;US
2633;US
6422;SU
6422;99
6422;UA
6422;RU
2638;US
3059;US
625;AU
2723;US
6295;SU
3170;US
9786;GR
2642;US
3136;US
2728;US
2641;US
10184;SU
4679;JP
8074;JP
3179;US
5428;NZ
599;AU
3352;US
3194;US
2616;US
3084;US
3052;US
7132;SU
6296;SU
2916;US
2611;US
4664;JP
644;AU
2689;US
4717;JP
6500;SU
3288;US
932;CA
3433;US
2660;US
616;AU
6952;SU
6952;UA
6136;CN
6136;TW
881;CA
1035;CA
8539;SU
637;AU
3182;US
6203;SE
993;CA
8160;US
2661;US
3432;US
6520;SU
3231;US
1835;US
7701;SU
596;AU
8132;SU
2829;US
3338;US
2730;US
3124;US
7103;SU
4362;GR
2751;US
3429;US
836;CA
384;DE
986;CA
7799;SU
7105;SU
9379;SU
3009;US
2656;US
967;CA
2945;US
3055;US
2864;US
2879;US
7157;SU
192;DE
1269;DK
4364;GR
5445;NZ
935;CA
6727;SU
7113;SU
186;DE
2842;US
6930;SU
6930;RU
5077;JP
2915;US
1478;US
319;DE
8735;SU
2896;US
3329;US
8000;DE
3090;US
2765;US
1905;US
659;AU
659;NL
659;99
2132;US
889;CA
661;AU
8563;SU
6359;SU
2898;US
7695;SU
7201;AO
8056;JP
3093;US
3209;US
5149;JP
3327;US
3075;US
3331;US
7711;MA
2657;US
2801;US
6213;SE
7092;SU
2770;US
3196;US
2912;US
6328;SU
6311;SU
6466;SU
4660;JP
499;AR
478;AR
3095;US
8840;JP
8840;99
3074;US
2781;US
3403;US
2859;US
9838;GR
5719;GB
2749;US
770;BR
4121;FR
5777;GB
6462;SU
5514;NL
5100;JP
5146;JP
1807;US
2782;US
7106;SU
3098;US
5283;MX
2651;US
3390;US
1809;US
996;CA
6267;SE
1258;DK
2250;US
3080;US
6376;SU
810;CA
2750;US
543;AU
2779;US
6191;SE
3379;US
5147;JP
3310;US
3310;99
2791;US
1327;ES
4933;JP
2766;US
2794;US
3195;US
7932;DE
6841;NO
6841;NA
6411;SU
3044;US
970;CA
9743;GR
4220;FR
3200;US
7678;SU
3210;US
2958;US
3191;US
4085;FR
3086;US
4071;FR
2983;US
3306;US
5063;JP
7102;SU
4210;FR
4210;99
2567;US
3333;US
2817;US
879;CA
879;99
7766;LB
7836;SU
9165;SU
3416;US
5075;JP
6156;CN
567;AU
6141;CN
2979;US
3287;US
4198;FR
4198;SU
757;BR
2771;US
3644;US
364;DE
3685;US
3718;US
2753;US
4915;JP
2691;US
2707;US
926;CA
2909;US
5733;GB
8069;JP
5886;GB
6194;SE
3056;US
6200;SE
2823;US
6201;SE
3795;US
3795;99
8026;SU
6226;SE
3043;US
3340;US
6154;CN
1335;ES
6303;SU
7186;SU
977;CA
2647;US
4688;JP
8750;AU
9667;SU
6579;SU
6579;RU
6579;99
631;AU
3415;US
9778;GR
9789;GR
6155;CN
2927;US
6195;SE
6343;SU
378;DE
2681;US
3342;US
2813;US
2977;US
6151;CN
3638;US
2986;US
6938;SU
3028;US
4607;JP
2547;US
3263;US
3341;US
345;DE
2973;US
9755;GR
7696;SU
1329;ES
3680;US
2971;US
9756;GR
6138;CN
6138;US
2969;US
5175;JP
3019;US
352;DE
5148;JP
2795;US
5144;JP
5158;JP
5154;JP
8084;JP
5176;JP
5156;JP
5153;JP
2666;US
6622;SU
3440;US
3047;US
7328;CA
1443;US
4396;IN
3236;US
2968;US
2902;US
3600;US
9782;GR
3277;US
6144;CN
6144;US
2843;US
6143;CN
6599;SU
6599;UA
6599;99
6599;RU
3154;US
1337;ES
3146;US
2810;US
1315;ES
7177;CA
578;AU
3204;US
3204;CA
4597;JP
1631;US
6749;SU
2988;US
3641;US
3066;US
5160;JP
8060;JP
4208;FR
6944;SU
5143;JP
8073;JP
7811;JP
9820;SU
9821;SU
3372;US
2878;US
7444;SU
5820;GB
4696;JP
3635;US
6142;CN
40;CU
2881;US
2936;US
949;CA
10688;SU
3677;US
7440;CA
5117;JP
3211;US
740;BE
3428;US
2822;US
7667;US
7667;TW
2764;US
2918;US
7085;SU
5056;JP
3057;US
4739;JP
3029;US
2798;US
8753;PE
2856;US
8749;AU
1317;ES
4781;JP
6159;CN
641;AU
4598;JP
4752;JP
8136;US
6370;SU
7140;SU
3228;US
6597;SU
6597;UA
4751;JP
4879;JP
4702;JP
2786;US
2669;US
2818;US
8027;SU
662;AU
2785;US
6640;SU
6640;RU
7189;SU
7161;SU
2714;US
6167;CN
6567;SU
7337;DU
9659;US
619;AU
2741;US
3269;US
5869;GB
3125;US
348;DE
7694;SU
7861;SU
747;BE
2713;US
9388;SU
2894;US
3164;US
9511;RO
1566;US
2952;US
2811;US
5169;JP
6188;SE
3321;US
580;AU
5168;JP
579;AU
5867;GB
5640;GB
7837;SU
2853;US
2787;US
4206;FR
7136;SU
3214;US
4207;FR
6651;SU
8754;PE
8755;PE
10422;SU
6588;SU
8756;PE
2821;US
5129;JP
6318;SU
3478;US
688;AU
1021;CA
2777;US
4579;JP
3455;US
6931;SU
721;AU
2884;US
4716;JP
595;AU
3159;US
3501;US
3877;US
3544;US
3546;US
3547;US
3545;US
2995;US
5298;NO
2775;US
10059;JP
3281;US
3751;US
623;AU
3679;US
3368;US
4413;IN
312;DE
3054;US
7954;DE
3377;US
6941;SU
6941;RU
5893;GB
3713;US
8798;PE
3072;US
3072;CA
2847;US
8799;PE
8800;PE
8796;PE
3648;US
3149;US
3639;US
3226;US
2931;US
2991;US
3642;US
3719;US
6547;SU
8797;PE
3120;US
6508;SU
954;CA
8791;PE
8793;PE
1719;US
6933;US
820;CA
2998;US
2925;US
3114;US
3552;US
2953;US
4667;JP
6035;GB
3703;US
3753;US
5170;JP
2996;US
3551;US
3469;US
911;CA
2990;US
6114;CN
2670;US
872;CA
7832;SU
7109;SU
3543;US
6153;CN
10425;SU
3118;US
3420;US
2895;US
3026;US
797;CA
7110;SU
3682;US
597;AU
7684;SU
3555;US
3854;US
6614;SU
5086;JP
3025;US
3553;US
2768;US
2970;US
3749;US
3550;US
3548;US
3549;US
6387;SU
2939;US
7282;US
430;DE
8748;AU
3213;US
3717;US
3657;US
8801;PE
8795;PE
8792;PE
8790;PE
8794;PE
3133;US
2854;US
581;AU
3737;US
4928;JP
4581;JP
6118;CN
6118;TW
4582;JP
5081;JP
5066;JP
3815;US
2989;US
546;AU
4526;IT
6946;SU
3707;US
396;DE
6450;SU
6450;RU
3704;US
2423;US
6401;SU
803;CA
6743;ZZ
6743;NO
6743;US
6743;CA
6743;99
3673;US
10452;ZZ
2997;US
6204;SE
3883;US
3134;US
3220;US
7057;US
2736;US
462;DU
3711;US
3280;US
4395;IN
6934;US
245;DE
398;DE
3122;US
246;DE
4388;IN
8066;JP
3820;US
2825;US
3787;US
4163;FR
812;CA
7083;SU
3224;US
3841;US
8075;JP
10088;JP
4588;JP
122;PA
156;SG
6521;SU
6521;RU
6521;99
800;CA
1324;ES
6248;SE
2726;US
1854;US
4260;FR
494;AR
5895;GB
5895;JP
486;AR
486;99
474;AR
4254;FR
3669;US
52;GH
2846;US
6566;SU
324;DE
324;CA
324;FR
3715;US
4266;FR
5136;JP
3712;US
3511;US
6643;SU
5165;JP
8059;JP
7124;SU
3689;US
10086;JP
8012;DE
244;DE
2845;US
6762;AU
3011;US
5582;PH
4165;FR
389;DE
2613;US
470;AR
3453;US
6936;SU
471;AR
1052;CA
2858;US
656;AU
6184;SE
5754;GB
557;AU
7181;SU
6730;SU
9465;US
5295;DE
5295;NO
1487;US
528;AU
7129;SU
7145;SU
6731;SU
6731;UA
6731;RU
6940;SU
3008;US
5336;NO
1294;EG
7089;SU
3216;US
305;DE
6365;SU
5835;GB
7183;SU
5822;GB
3222;US
3222;99
4740;JP
7413;ES
6107;GB
6208;SE
6937;SU
6735;SU
6735;UA
6524;SU
5179;JP
6434;SU
4973;JP
3540;US
3540;DE
3534;US
2957;US
2876;US
3070;US
3018;US
3537;DE
3539;US
7167;SU
3542;US
6227;SE
5248;LR
5245;LR
2849;US
237;DE
7756;SU
3022;US
5247;LR
3212;US
3541;US
3541;IN
5243;LR
2942;US
3510;US
6644;SU
7812;JP
6645;SU
6942;SU
6942;RU
10426;SU
6270;SE
551;AU
3229;US
10424;SU
5685;GB
391;DE
3130;US
5635;GB
3024;US
3422;US
9487;US
7789;SU
7558;SU
9390;SU
2844;US
6448;SU
2946;US
10036;US
5768;GB
395;DE
7040;SU
6854;NO
240;DE
5155;JP
8809;PE
5293;SE
5293;NO
5293;GB
1071;CL
2600;US
8807;PE
8808;PE
6646;SU
8806;PE
6160;CN
8058;JP
152;SG
6342;SU
6342;RU
6603;SU
6199;SE
488;AR
7191;SU
2784;US
394;DE
1076;CL
6642;SU
2706;US
2742;US
6647;SU
2839;US
6659;ZA
3223;US
6720;SU
10089;JP
183;ZZ
183;JP
8804;PE
6334;SU
6334;RU
3132;US
3221;US
7049;AR
6394;SU
5658;GB
7160;SU
8028;SU
8899;US
7176;CA
3356;US
225;DE
112;PA
4862;JP
3508;US
6605;SU
5566;PE
544;AU
544;99
544;NL
4279;FR
6177;SE
6676;ZA
5746;GB
2857;US
1249;DK
8080;JP
3311;US
74;MT
6179;SE
270;DE
1219;DK
3126;US
185;DE
6176;SE
4572;JP
4092;FR
5753;GB
1253;DK
6855;NO
6855;DE
4686;JP
1207;DK
4580;JP
4580;PA
336;DE
4089;FR
6178;SE
5809;GB
6358;SU
495;AR
381;DE
2833;US
4087;FR
7816;JP
5188;LR
9467;US
7686;SU
7115;SU
6383;SU
7127;SU
7054;SU
6161;CN
2941;US
2554;US
6207;SE
6447;SU
4587;JP
6340;SU
3606;US
7840;SU
720;AU
119;PA
3604;US
4608;JP
5111;JP
6525;SU
7746;SU
4299;FR
521;AU
521;99
4602;JP
120;PA
7692;SU
9819;SU
4668;JP
2830;US
6332;SU
6332;RU
6892;SE
3218;US
5587;PL
4756;JP
7787;SU
4594;JP
5588;PL
504;AR
25;99
3163;US
3370;US
7679;SU
6373;SU
487;AR
4595;JP
2738;US
2869;US
10453;ZZ
4460;IS
7419;ES
3371;US
7750;SU
7749;SU
7749;UA
7749;RO
6354;UA
6354;SU
4590;JP
7215;SU
3496;US
2761;US
3506;US
4596;JP
5288;MX
9183;GR
2965;US
6641;SU
5084;JP
7117;SU
4658;JP
6680;ZA
7104;SU
7825;SU
6162;CN
7459;SU
6623;SU
4801;JP
5503;NL
4672;JP
2451;US
2885;US
5502;NL
2905;US
7162;SU
522;AU
4798;JP
5500;NL
1048;CA
4868;JP
943;CA
943;IS
3435;US
3435;99
2954;US
21;CR
3357;US
10201;SU
6335;SU
6958;BE
199;DE
199;US
199;NO
3572;US
6843;NO
3102;US
1143;KR
1106;KR
1107;KR
1105;KR
6413;SU
6190;SE
5238;LR
489;AR
6823;FI
5633;GB
7700;SU
8875;PE
8876;PE
206;DE
3515;US
6338;SU
6360;SU
649;AU
8873;PE
8872;PE
2949;US
7596;US
7596;MH
531;AU
2938;US
6352;SU
6352;RU
6352;US
5882;GB
2937;US
6333;SU
6333;RU
329;DE
3605;US
480;AR
4991;JP
525;AU
7130;SU
6206;SE
6108;GB
5531;NL
6115;CN
6115;SU
5381;NO
3588;US
3375;US
4093;FR
2940;US
7146;SU
3364;US
3091;US
4409;IN
4593;JP
3584;US
362;DE
2985;US
2955;US
6362;SU
6362;RU
3567;US
3837;US
2976;US
4621;JP
7698;SU
9630;IT
3587;US
5423;NZ
1195;DE
1195;DK
1195;KW
2956;US
5762;GB
3376;US
6652;SU
8874;PE
8877;PE
532;AU
3802;US
2999;US
2999;99
3871;US
2684;US
6890;SE
6135;CN
8871;PE
6174;SE
3242;US
190;DE
3726;US
429;DE
6468;SU
2981;US
7476;SU
6529;SU
235;DE
7059;CL
9754;GR
3649;US
2987;US
6403;SU
5059;JP
3238;US
6712;SU
6712;99
263;DE
6893;SE
7164;SU
7164;RU
6215;SE
5567;PE
6573;SU
3027;US
8647;GB
2814;US
7166;SU
9047;GB
7452;SU
6133;CN
8559;SU
10105;JP
5421;NZ
7670;SU
3589;US
6678;ZA
7469;SU
6375;UA
6375;SU
6368;SU
5529;NL
8578;GB
6895;SE
6528;SU
7486;SU
5294;NO
6742;NO
3279;US
6595;SU
7472;SU
3234;US
1296;EC
3569;US
7697;SU
4646;JP
7208;SU
7210;SU
353;DE
6357;SU
843;CA
7501;SU
7499;SU
241;DE
444;DE
3463;US
3655;US
6585;SU
6585;RU
5653;GB
7475;SU
6353;SU
7845;SU
7688;SU
518;AU
883;CA
7466;SU
3568;US
7470;SU
4877;JP
5650;GB
6724;SU
443;DE
7116;SU
7216;SU
10062;JP
2424;US
5565;PE
592;AU
2662;US
10098;JP
7689;SU
442;DE
6516;SU
9499;JP
6571;SU
7188;SU
479;AR
9796;GR
6272;SE
201;DE
6364;SU
7848;SU
7223;SU
90;PA
7666;IT
3574;US
6718;SU
9376;UA
9376;SU
9376;RU
6736;SU
4706;JP
234;DE
4708;JP
7060;FR
1297;EC
4704;JP
7199;SU
7491;SU
7088;SU
669;AU
214;DE
6631;SU
87;PA
4239;FR
4703;JP
4867;JP
767;BR
4444;IS
5642;GB
3001;US
3230;US
308;DE
4707;JP
6346;SU
7477;SU
7159;SU
88;PA
3040;US
3526;US
3741;US
4589;JP
8558;SU
3812;US
3399;US
7494;SU
3570;US
3559;US
7467;SU
3248;US
3523;US
7495;SU
9742;GR
7114;SU
658;AU
566;AU
3462;US
6726;SU
5929;GB
3424;US
7214;SU
3745;US
2303;US
8045;JP
3868;US
3274;US
900;CA
4095;FR
3183;US
7460;SU
7414;ES
3243;US
5244;LR
4632;JP
5191;LR
4150;FR
3566;US
7193;SU
3829;US
3701;US
3583;US
3237;US
6037;GB
5065;JP
7637;MA
3823;US
3775;US
7170;CA
3860;US
9793;GR
1061;CL
3528;US
8047;JP
6369;SU
110;PA
7221;SU
2419;US
490;AR
3178;US
5178;JP
3869;US
8079;JP
6700;YU
7197;SU
213;DE
849;CA
772;BR
5599;PL
524;AU
3485;US
7827;SU
5157;JP
7849;SU
9500;JP
6949;SU
6949;UA
3378;US
7293;UA
9588;SE
6120;CN
89;PA
3365;US
8885;TR
2293;US
5060;JP
1844;US
4635;JP
6432;SU
6432;RU
1413;US
5524;NL
2550;US
3582;US
7463;SU
6323;SU
9628;GR
5634;GB
5634;NO
7790;SU
4067;FR
5189;LR
7498;SU
7854;SU
7471;SU
7480;SU
6522;SU
6522;RU
1916;US
8057;JP
4216;FR
5594;PL
7492;SU
7218;SU
9112;PE
9113;PE
7682;SU
9111;PE
2296;US
2780;US
7454;SU
6326;SU
6326;RU
5806;GB
3392;US
5761;GB
5805;GB
7608;DZ
3765;US
4285;FR
7196;SU
5814;GB
10260;SU
5196;LR
1133;KR
5611;PT
4118;FR
7563;SU
7481;SU
7091;SU
3205;US
7217;SU
7484;SU
7479;SU
149;SG
3672;US
5227;LR
5227;99
527;AU
7856;CL
10198;SU
7855;SU
8092;KR
7564;SU
6932;UA
6932;SU
7458;SU
3581;US
991;CA
4108;FR
7168;CA
3578;US
2204;US
9678;US
6572;SU
3000;US
5504;NL
3404;US
7456;SU
4634;JP
7505;GB
5226;LR
5694;GB
5694;US
7497;SU
4312;FR
6322;SU
3590;US
5199;LR
6254;SE
3525;US
5695;GB
5695;US
7478;SU
7977;DE
7977;IT
5792;GB
4636;JP
3267;US
5323;NO
6152;CN
7847;SU
7096;SU
4281;FR
6714;SU
5580;PH
1241;DK
1259;DK
4882;JP
6842;NO
9114;PE
5793;GB
238;DE
6635;SU
4128;FR
2290;US
6897;SU
7182;SU
1119;KR
1242;DK
5637;GB
6634;SU
3099;US
665;AU
3176;US
5012;JP
6733;SU
7447;SU
4453;IS
5939;GB
3417;US
108;PA
5228;LR
7600;SU
7600;RU
3695;US
3380;US
10261;SU
5451;NZ
2287;US
7468;SU
1055;CL
3694;US
915;CA
7562;SU
350;DE
6211;SE
10273;JP
6243;SE
7462;SU
5277;MX
9;BS
3233;US
124;PA
6951;SU
6951;AR
6633;SU
5246;LR
5278;MX
2502;US
3658;US
6722;SU
7496;SU
7500;SU
7138;SU
7138;RU
4638;JP
9811;SU
5313;NO
913;CA
5501;NL
7487;SU
7445;SU
5134;JP
5507;NL
5138;JP
2529;CA
7473;SU
4778;JP
4217;FR
3175;US
327;DE
5971;GB
6591;SU
6591;RU
6519;SU
6519;RU
7879;SU
7879;DE
4065;FR
4065;NC
6956;SU
205;DE
8837;SU
3656;US
7846;SU
3586;US
7691;SU
968;US
968;CA
6349;SU
6349;RU
4651;JP
3885;US
4560;JP
10203;SU
114;PA
7826;SU
3575;US
3239;US
6747;AR
93;PA
7052;SU
5121;JP
4291;FR
247;DE
6404;SU
6404;RU
7831;IT
3828;US
6305;SU
6305;US
6305;RU
7198;SU
4601;JP
7693;SU
7693;RU
388;DE
388;US
3487;US
6650;SU
6650;RU
4175;FR
5162;JP
4779;JP
7699;SU
7699;RU
6415;SU
2301;US
5284;MX
3866;US
1192;DK
6685;UY
2276;US
4293;FR
373;DE
6615;SU
3246;US
8081;JP
4871;JP
4689;JP
6420;SU
6420;RU
6745;AR
6745;99
8078;JP
8675;US
1065;CL
4151;FR
8733;US
8087;CA
2288;US
7851;SU
5914;GB
1056;CL
5816;GB
4256;FR
10527;CA
3667;US
4255;FR
7439;FR
7852;SU
8050;JP
5815;GB
3908;US
7200;DE
7200;LB
7200;IT
5161;JP
7438;FR
73;MU
5506;NL
49;CY
2292;US
8019;NO
316;DE
316;US
157;SG
4262;FR
4263;FR
9513;SU
9513;RU
6896;SE
1122;KR
2295;US
3579;US
3579;99
10035;US
3911;US
7493;SU
4200;FR
5509;NL
6822;FI
123;PA
5508;NL
7532;SU
5420;NZ
5495;NL
3493;US
9375;SU
9375;RU
618;AU
7488;SU
7843;SE
8025;SE
4258;FR
6228;SE
6228;US
5850;GB
1298;EC
8088;SU
8118;JP
7817;JP
2313;US
4761;JP
6109;GB
8802;CA
7448;SU
6632;SU
6632;99
6632;UA
6632;RU
4662;JP
7178;CA
5648;GB
10331;JP
9609;SE
5812;GB
4782;JP
7490;SU
10057;JP
7464;SU
3708;US
8564;SU
8564;RU
5831;GB
376;DE
7449;SU
7483;SU
5799;GB
3796;US
1264;DK
7897;PA
5230;LR
7474;SU
2294;US
5029;JP
7829;IT
7865;SU
7863;SU
7522;SU
7522;RU
369;DE
1261;PA
1261;DK
1261;US
337;DE
804;CA
6910;LV
5233;LR
5233;JP
50;FJ
50;US
9980;SE
168;TO
7598;US
3245;US
5687;GB
7830;IT
4300;FR
6710;IN
5613;PT
8551;FR
3580;US
6080;GB
7184;SU
10060;JP
5614;PT
6756;PL
4272;FR
6894;SE
8990;DE
5239;LR
4040;FI
8024;SE
10;BS
5510;NL
6636;SU
227;DE
181;ZZ
8651;BR
4202;FR
8851;FR
5511;NL
4333;FR
4333;99
7118;SU
354;DE
117;PA
118;PA
239;DE
533;AU
5932;GB
287;DE
628;AU
9495;IN
5303;NO
4304;FR
6052;99
6150;TW
5231;LR
5251;LR
6866;NO
3576;US
4215;FR
6023;GB
358;DE
2096;US
3693;US
3693;ZA
517;AR
5843;GB
3683;US
7180;CA
1629;US
7112;SU
7112;RU
9180;GR
109;PA
6776;DK
3535;US
9492;IN
9520;SU
7171;CA
3577;US
165;VC
6380;SU
9590;SE
6077;GB
207;DE
3905;US
4699;JP
155;SG
153;SG
7898;GB
7898;99
3564;US
7415;ES
5391;NO
5391;JP
3571;US
5959;GB
7874;FR
4287;FR
5390;NO
347;DE
6919;PA
4700;JP
6900;AG
5236;LR
9252;NO
164;VC
4443;IE
8577;DE
4069;FR
1;AG
9999;DE
9999;US
944;CA
8189;SE
7382;DE
7383;DE
7386;DE
440;LB
440;DE
5440;NZ
2992;US
2992;LR
4284;FR
4329;FR
5249;LR
5249;99
5394;NO
5630;PT
6886;SE
7531;SU
6928;BS
6928;US
6928;TO
9593;SE
7583;BS
4869;JP
9109;US
7537;CA
8014;CL
3366;US
6906;EE
7336;JP
7417;ES
2525;US
7569;AU
4416;ID
4416;FR
4416;US
5960;GB
3421;US
7792;SU
7233;CA
831;CA
8093;KR
4417;ID
4417;US
6081;GB
351;DE
7309;NO
4464;IS
9118;US
7737;JP
8677;NZ
5250;LR
3659;US
7173;CA
4273;FR
8128;SU
5232;LR
5062;JP
4066;FR
7873;FR
6145;CN
5513;NL
3861;US
3063;US
6192;SE
3760;US
3760;CA
7403;CA
5468;NL
5468;US
6870;NL
5564;NL
7229;PT
6914;LT
8582;FR
6959;IN
6421;RU
8036;US
6759;DE
12;BS
6760;DE
7912;HN
9256;DE
8037;US
9139;PE
9512;UA
9591;SE
9745;US
7906;99
127;FR
127;PA
9592;SE
4535;IT
4535;TR
4535;LB
8034;IT
8034;TR
7347;TT
3596;US
6905;EE
7206;NO
7206;US
4715;JP
7881;AU
8008;DE
6833;JP
7617;US
7776;US
7660;NL
6778;DK
9253;NO
6960;IN
1326;ES
7457;RU
7740;RU
9664;US
7424;US
8089;KR
6148;TW
4724;JP
5941;GB
6126;TW
7734;JP
4538;JP
7335;FR
7231;US
5696;GB
5696;99
606;AU
5180;JP
163;VC
6961;IN
6869;NL
5079;JP
7230;CL
7332;FR
6832;JP
6880;GB
5836;GB
5836;US
62;CI
6149;CN
7807;CN
6711;FR
7437;FR
4241;FR
3913;US
6838;MX
4359;FR
4359;HK
4359;99
4469;IS
4469;99
5237;LR
9107;US
403;RU
7913;FR
7913;99
6825;BS
6825;FR
6883;GB
7232;UY
6920;PA
121;PA
9533;SE
4964;JP
8623;IN
7240;MX
7246;JP
5235;LR
7329;AU
8125;RU
10066;JP
6927;VC
9514;UA
6827;FR
5216;LR
7907;99
6911;LV
9510;RU
6147;TW
7175;CA
7375;CA
8676;US
6757;PL
3881;US
10243;RU
6888;SE
17;US
10679;CA
7882;FR
338;DE
7735;JP
8684;ZA
6806;US
7516;PT
6828;JP
6903;CY
7736;JP
6146;TW
9013;LR
115;PA
8554;RU
7534;RU
6830;JP
7338;US
4286;FR
8552;RU
8;US
8;BB
9108;US
9108;IN
7331;CY
6816;US
7384;DE
6061;GB
6770;CA
6871;NL
8705;JP
6885;SE
7234;AU
7234;NL
6922;PA
6887;SE
3927;US
3927;99
10073;JP
10076;JP
7529;FR
7739;RU
880;CA
6767;CA
6769;CA
7330;PA
10079;JP
6772;CA
10097;JP
7916;IN
7235;BB
7841;SE
7401;CA
10100;JP
1054;CA
4411;IN
9660;US
1051;CA
5360;NO
7236;LR
6881;GB
6809;US
6926;VC
7334;AU
10063;JP
6918;PA
7390;CA
7390;US
7514;IE
10061;JP
6921;PA
7227;EE
7436;FR
9509;UA
5260;LR
8624;UA
6808;US
9553;EE
815;CA
7346;JP
10244;JP
8090;KR
9607;SE
129;PA
6901;BS
7538;CA
6915;MT
6907;HK
6835;LR
6835;99
7411;FI
10090;JP
9434;IN
7575;RU
7575;SE
7883;PA
7883;AU
10489;RU
9669;US
6814;US
7333;KW
975;CA
9099;US
9610;SE
6908;KW
7517;ES
9151;PE
9152;PE
7374;CA
7432;US
6764;CA
7237;KW
9603;EE
7238;PH
6771;CA
10024;IT
7398;CA
7919;SC
7918;SC
6902;CY
7239;HK
7860;CL
9515;UA
10067;JP
10078;JP
10069;JP
7377;CA
7858;CL
7241;99
7241;CN
6837;LR
7362;CA
9620;SE
6909;LV
10075;JP
7859;CL
9496;IN
8805;CA
7245;LR
7243;FR
10099;JP
9306;JP
10094;JP
6084;GB
8832;US
7213;EE
7242;CN
8099;US
7574;DE
7574;SG
7249;JP
8091;KR
7244;LR
9865;SE
7248;JP
7312;NO
10092;JP
9661;US
6957;CA
6875;GB
7247;JP
7875;FR
7800;RU
4575;JP
7308;NO
7350;PH
7808;CA
7348;JP
7349;JP
7406;PH
7406;DK
8889;JP
9110;US
7535;RU
7343;VC
7559;GB
7796;RU
7520;RU
7592;99
7592;NL
9044;VE
9044;US
7857;CL
8553;RU
8553;US
7914;PA
7344;VC
5612;99
6205;SE
7983;DE
9662;US
7345;JP
7515;PT
7920;FR
7342;CA
7884;FR
7530;US
7530;NL
7341;PA
7355;BS
7351;BS
7900;99
7631;CA
7353;CY
7590;LR
7354;ZA
7628;CA
3929;US
3929;99
7356;JP
7767;FR
7767;US
10064;JP
5496;NL
7352;AG
7733;SG
7599;HK
10096;JP
3916;FR
7561;RU
7358;BS
5114;JP
9738;EE
7360;PH
7359;SA
9663;US
7426;99
7426;US
7426;FR
6187;SE
9432;GB
530;AU
530;99
530;NL
7357;KW
1982;US
7581;99
7581;ZA
6777;DK
7372;CA
8581;GB
7363;PH
7366;JP
7365;JP
8580;GB
9627;SE
7917;PA
9665;US
7527;BS
126;PA
7364;GB
7524;RU
7367;NO
7361;CA
8100;US
7777;RU
7820;US
8579;IT
7369;99
7369;PH
7429;US
7434;99
9129;PE
7588;VC
9130;PE
9142;PE
9145;PE
9144;PE
9138;PE
9136;PE
9133;PE
9131;PE
9132;PE
9140;PE
9134;PE
9147;PE
9148;PE
9143;PE
9135;PE
9137;PE
9149;PE
9141;PE
9150;PE
9146;PE
8607;FR
8607;ES
7400;CA
7627;CA
7791;ID
7791;US
7732;AG
7370;JP
7394;CA
5229;LR
7582;HK
7368;99
7368;DE
7578;LR
9498;JP
7715;GB
8867;US
7629;CA
7901;AG
7584;JP
7586;JP
7585;JP
7577;LR
10112;JP
7519;US
9104;US
7570;AG
7773;US
7425;US
9096;US
7430;US
9927;RU
7795;RU
10065;JP
10068;JP
9106;US
7573;CA
7573;RU
9022;US
7587;FR
3168;US
9101;US
7539;CA
7580;VC
7579;FR
7589;US
8745;JP
7591;CY
7661;CA
10110;JP
7888;AG
7521;RU
7521;IN
9316;BR
7809;CA
7902;BS
7902;99
7902;ZA
9097;US
7423;US
7572;US
7654;US
7772;US
7576;PA
9341;RU
7604;PA
7528;GB
7880;FR
7887;AU
7518;US
7593;LR
8102;JP
8102;FR
10791;JP
8021;BR
7594;BS
5542;99
7536;AG
7595;BS
7595;FR
7726;DK
7612;DK
8519;CN
7603;US
7603;99
7603;FR
9271;GB
10124;JP
7728;DK
7725;DK
7730;DK
7623;AG
620;AU
7597;MH
8583;FR
10649;AU
3930;US
7729;DK
7723;DK
9823;DK
7793;RU
9711;IE
7611;US
7710;DK
7540;US
8869;CA
10077;JP
7724;DK
8600;US
7774;US
5909;GB
7903;99
7903;LR
7794;RU
7908;99
7618;99
7618;AU
9907;KR
10213;US
7622;GB
7885;FR
7606;CA
7665;BE
7909;DE
9709;BE
7550;CY
10074;JP
9346;RU
7722;DK
9359;RU
7605;US
5292;MX
8507;CA
8711;JP
7571;RU
7431;US
8137;US
9926;RU
9178;PE
7621;NL
7621;99
7607;US
7890;LR
7890;99
7620;NL
7889;LR
7915;PA
10072;JP
10013;US
7565;NO
7904;99
7892;LR
7892;FR
7892;99
8868;CA
7806;US
9265;IN
7442;NO
7619;99
7619;AU
10842;DE
7878;AU
8616;AU
6095;GB
7635;CA
7630;US
7891;99
7891;LR
848;CA
9905;KR
7877;DE
7842;SE
8865;US
7634;CA
7633;CA
8599;US
7668;SG
7804;US
7626;DE
7663;GB
7639;DE
9323;RU
9210;PE
7714;CA
10368;ZA
7769;LR
7769;PA
10095;JP
8112;AU
7662;US
9658;US
7664;CA
7768;99
7768;LR
10091;JP
7802;US
8108;KW
9102;US
5107;JP
7844;SE
7669;BS
6819;US
7803;US
7895;HK
9105;US
8157;IN
8105;GR
8105;BS
7801;US
8841;US
7893;LR
4987;JP
9666;US
8689;JP
9211;PE
9213;PE
8630;TO
8116;SG
7894;AG
9212;PE
7911;YU
4483;IT
7910;IT
7910;US
8846;GB
10715;CA
8159;FR
9024;LR
8812;CY
8106;LR
8685;ZA
7387;US
9014;LR
9009;LR
9015;IN
10004;US
9780;PL
7805;US
8629;SG
8708;JP
9010;CY
8115;GB
8115;99
10960;US
8845;SG
3931;US
9017;IN
8107;AG
8107;99
9906;KR
7821;DE
8526;LR
8987;CY
8988;HK
8707;JP
8609;DE
8126;BR
8887;JP
9018;IN
7560;DK
7560;US
8640;CA
9016;IN
8020;US
8117;BB
8493;DE
8494;BS
10885;AG
10885;FR
9784;NL
10071;JP
8758;NZ
8758;AU
8158;LR
8617;CA
8601;PA
9011;MH
8495;CY
8035;AG
9770;EE
9759;SE
10093;JP
10671;IS
9501;JP
8138;US
8627;FR
8103;IN
8897;FR
8612;CA
8626;FR
8631;PA
8742;JP
9497;IN
9320;RU
10122;US
8741;JP
8628;MY
8625;PA
8650;US
9491;IN
8550;PA
8610;PA
9744;EE
8603;LR
8636;PA
8638;WS
8638;99
9781;PL
9417;PE
8979;US
8894;US
8602;GB
9157;NO
8524;IN
5563;NL
8639;US
9908;KR
8528;US
9254;NO
1591;US
8864;US
8522;LR
8534;SG
8635;CA
9326;BR
8830;US
8618;CA
8523;LR
9030;BR
9030;US
8489;CA
3652;US
8604;PA
8819;BS
9779;EE
8634;CY
8634;99
9318;RU
10270;US
696;AU
9278;DK
8549;SG
7421;US
8833;US
9702;US
8614;LR
11550;US
8641;CY
10276;NZ
11549;US
10680;US
8571;US
7443;PL
7340;US
9482;PE
9474;PE
9485;PE
9476;PE
9472;PE
9477;PE
9478;PE
9470;PE
9479;PE
9471;PE
11049;US
8642;NL
8606;DE
8706;JP
8632;MT
8633;HK
10377;AU
4481;IT
8709;JP
8653;LR
8652;US
7996;DE
8608;US
8114;CA
8722;JP
9483;PE
9469;PE
9486;PE
9475;PE
9480;PE
9473;PE
9481;PE
9468;PE
9484;PE
8866;US
8611;MT
8803;CA
8852;FR
8658;GB
8613;PA
8657;GB
929;CA
9220;ES
9317;RU
9315;US
8649;DK
8649;AU
8615;TW
8656;GB
8688;JP
8654;US
9321;RU
8759;AU
9277;DK
8760;AU
8666;HR
1047;CA
10123;US
8680;US
8682;US
9203;NO
8659;US
10275;NZ
8660;LR
9012;CA
10220;NO
8661;FR
10562;CA
7290;FI
8663;LR
8662;LR
8662;GB
10632;US
10667;US
10789;US
9215;IE
10326;AU
11286;US
8849;BR
8854;TW
8664;FR
8665;DK
8702;GB
8816;CY
8825;LR
8829;US
8975;CA
8836;FR
11250;US
9421;AU
9421;GB
9421;FR
9421;CA
9421;US
9421;DE
9421;NO
9421;ZA
9421;BR
9421;CN
9421;SE
8811;SG
9345;RU
9340;RU
8857;CA
10700;CA
9493;IN
11287;US
8856;NL
1287;US
8813;AG
9077;JP
9348;RU
8828;PA
9347;RU
9357;RU
8863;IT
8863;US
8704;DK
9332;RU
8703;CA
8555;CN
8491;GB
8826;FR
9257;DE
8835;JP
8881;CA
9494;IN
8761;AU
8973;CA
9841;CA
5776;GB
10670;US
8815;DE
8815;MH
9043;LR
8111;DE
8853;GB
8853;US
8834;SG
8843;IT
8843;US
8814;GR
8827;GB
8817;BS
10669;US
10668;US
8842;TR
8831;US
8844;IT
8844;US
8855;LR
8823;LR
8847;BR
11289;US
8884;GB
8820;DE
8818;BS
10681;US
458;DE
8751;GB
8848;FR
9087;GB
8980;US
9103;US
8977;CY
9093;US
10839;US
10840;US
9050;CA
10841;US
10083;JP
8900;US
9037;CA
8991;GB
10838;US
7939;DE
11526;ES
9049;JP
9027;LR
9038;US
11288;US
7278;EE
10836;US
8902;PA
9677;RU
9559;ID
9039;US
9098;US
8974;CA
9372;RU
8968;NL
10051;CA
4449;IS
9259;LV
10009;US
9033;US
9036;GB
8978;PA
10245;US
9080;CA
9127;AU
9095;US
8880;US
9035;PA
10277;NZ
8992;IT
9029;NL
9100;US
9040;US
9053;GB
9091;CA
9092;US
8989;PA
9041;BE
9064;US
9094;US
9042;FR
9266;DE
9048;DE
9084;GB
9319;RU
9032;DE
10278;NZ
9683;NO
9090;PA
9066;HR
9031;DE
9062;DE
10365;AU
9075;GB
9075;US
10837;US
7428;US
9123;BS
9125;US
11251;US
10678;US
10664;US
9124;DE
9156;DE
9154;BE
9453;PA
9153;HK
9456;DE
9267;DE
9454;LR
9454;AU
9422;FR
9422;US
9422;99
9422;CA
9422;GB
9422;AU
9455;DE
10683;US
9177;US
9452;LR
6271;SE
9176;DK
9917;JP
8690;US
9234;AG
9235;LR
9328;GB
9328;US
9460;LR
9236;US
8018;US
9311;US
9459;LR
9309;AU
9680;NO
9329;LR
9329;99
9305;US
9310;BR
10684;US
9312;LR
9312;US
9313;DK
9945;US
370;DE
9314;MH
11112;ZA
9307;CY
9457;DE
9957;US
9716;GB
9833;EE
1267;DK
9939;JP
9562;TH
9562;AU
10847;EE
10144;JP
9950;US
9560;GB
9903;DE
9903;MH
10145;JP
9561;US
9563;TH
9563;AU
9699;CY
11254;US
9418;GB
9239;US
9854;99
9854;BE
10719;AU
9698;FR
9698;US
10410;US
9684;NO
9700;BE
9700;CY
9700;99
11253;US
11252;US
10963;US
9855;BR
9965;NO
9058;GB
10716;AU
10775;AU
10774;AU
10718;AU
9894;US
9925;99
10707;AU
10773;AU
10706;AU
10528;US
10528;CA
10703;AU
10241;US
9916;99
9918;LR
9922;US
9919;LR
9919;99
9920;LR
9920;99
10704;AU
10720;AU
9921;LR
10488;CA
9947;DE
10118;IN
9975;99
9956;FR
10409;US
11553;US
9949;NO
10143;JP
9977;JP
9993;BR
9993;US
9974;99
9976;JP
10705;AU
10484;US
10484;GB
9978;JP
11387;US
9973;99
9973;US
10352;US
10517;CA
10001;FR
9988;99
9988;US
10003;99
10002;99
10005;ZZ
10146;JP
11020;US
10008;US
10117;US
11149;CA
10712;AU
11290;US
10011;US
9979;99
9979;AU
10030;US
10029;JP
10012;99
10031;US
10708;AU
11552;US
10052;CA
10033;99
10033;US
10034;US
7944;DE
10526;CA
10043;US
10047;US
10709;AU
8997;US
10044;US
10711;AU
10049;US
10053;99
10872;CA
10048;US
10046;US
10032;US
10114;US
10054;99
10116;US
10713;AU
10138;US
10139;99
10142;JP
10140;BR
10141;99
10141;US
10120;99
10180;US
9219;ES
11291;US
10771;AU
10871;CA
10179;DE
10179;99
10178;JP
10722;AU
10181;99
10022;LT
10248;99
10371;US
10710;AU
10497;DK
11551;US
5344;NO
10250;BR
10249;99
10249;US
10272;JP
10217;LT
10901;US
10904;US
9410;LT
10225;DE
10723;AU
10274;NO
10772;AU
10724;AU
11548;US
10672;US
10294;NO
10902;US
11124;US
10289;99
11505;ES
11385;US
10292;99
10292;US
10286;99
9238;US
10287;99
10725;AU
10524;CA
10288;99
10290;99
10345;BR
10291;99
10291;AU
10255;SE
10341;DE
10342;99
10343;99
10547;LT
10344;FR
9462;NL
10394;AU
10394;99
11155;PL
10574;CA
11147;US
10375;NL
10366;FR
9272;DE
10391;JP
10435;AU
10435;99
10769;RU
10434;AU
10434;99
10254;SE
11506;NO
10621;PL
10726;AU
10392;US
10436;US
10393;AU
10393;99
11144;CA
10673;US
10437;ZA
10437;US
10438;99
10439;US
10582;LV
10430;CA
10997;US
10728;AU
10874;CA
10518;CA
10396;DE
10622;CA
10727;AU
10602;FR
10440;99
10440;AU
10907;US
10531;US
10467;SE
10729;AU
10532;NZ
10555;BR
10585;US
10585;BR
10544;US
9174;NL
1211;DK
1260;DK
10530;GB
10850;US
10605;FI
10604;NO
10992;US
10763;FR
10330;NO
10768;RU
10553;JP
10571;ES
10545;US
10546;US
10852;US
10556;US
11156;PL
10583;BE
10721;AU
10609;FR
10596;NO
10663;AU
10640;GB
10579;CA
10573;US
10573;99
10714;AU
10614;US
10513;AU
10576;99
10914;NZ
10398;GB
11150;CA
11507;ES
10578;CA
10853;US
10600;FR
10593;US
10613;US
10911;US
10912;US
10627;US
10627;BR
10643;CA
10643;US
10643;AU
11000;US
10887;US
10894;US
10889;US
10883;US
10888;US
10606;FR
10886;US
11522;FR
10454;US
10851;US
10625;US
10628;US
11307;US
11308;US
10626;AU
10661;US
11119;US
10993;US
10665;US
10827;GB
11306;US
10835;US
11441;US
10675;AU
9701;JP
10685;US
11292;US
10682;US
11154;PL
11152;PL
10701;US
10833;US
10829;US
10943;US
10906;JP
10779;US
10779;BR
10754;US
10764;US
10832;US
10830;US
10831;US
10806;AU
10806;99
10834;US
10805;AU
10805;99
10903;US
11515;DE
11516;DE
9902;NO
10854;US
10855;US
10890;US
10845;NO
10807;US
10939;AU
10892;US
10891;US
10978;US
10979;US
10987;US
10884;JP
10998;AU
11517;ES
10893;US
10988;US
10900;US
10984;US
10869;US
10870;US
10916;JP
10910;JP
9914;BR
9914;US
11003;AU
10603;FR
10986;US
10922;US
10926;AU
10917;US
10915;US
10996;US
10991;US
10990;US
10734;US
10981;US
10985;US
11240;PL
11241;PL
11247;PL
11512;IT
6014;GB
10927;US
10928;US
10999;US
11244;PL
10983;US
11010;US
10989;BR
10980;US
11023;JP
10977;US
10982;US
10761;FR
10941;US
11248;PL
10995;US
11246;PL
10994;US
11009;JP
11141;US
10976;US
11100;BR
11293;US
11305;US
11245;PL
11008;US
11139;US
11261;US
11030;AU
11104;CA
11029;AU
11294;US
11140;US
10594;FR
10601;FR
11063;US
11281;PL
11137;US
10755;ES
11101;US
11135;US
11138;US
10615;CA
11108;AU
11108;99
11110;GB
11110;US
11160;US
11162;US
11022;US
9216;JP
10637;GB
11114;US
11116;US
11115;US
11511;ES
11238;US
11193;EE
11161;US
11268;EE
11167;US
11167;99
11148;JP
11518;IT
11513;IT
10635;AU
11163;US
11519;FR
11234;US
11189;US
11213;US
11213;99
11214;US
11270;US
10616;CA
11236;US
11269;US
11188;US
11237;US
1313;ES
11215;US
11216;US
11263;US
11239;AU
11257;US
11249;US
11393;US
11265;US
11520;FR
11272;US
11353;US
11273;CA
11360;US
11274;US
11510;DE
11275;US
11383;US
11508;DE
10742;DE
11361;US
11309;99
11309;US
11362;JP
10740;DE
11354;AU
11398;US
10738;DE
11333;US
11509;DE
11363;US
11514;IT
11358;US
11414;US
11384;US
11439;US
11447;US
11554;US
11521;CA
11400;US
11478;99
11399;US
11555;US
11461;JP
11462;US
11424;US
11479;99
11448;US
11460;JP
11523;JP
11564;US
11480;BR
11545;US
11483;US
